SKU,Marca,Nombre,Stock,"Precio Unitarioc/Iva"
ARM-Fuente,,,,
99923981,PCF OEM,Fuente Poder 600w Generica,1,4.990
Accesorios Celulares,,,,
99937371,Apple,"Carcasa funda de silicona para iPhone 11 Pro - Color arenarosa",1,9.989
99937369,Apple,Carcasa funda transparente para  iPhone 11 Pro,1,9.989
99927537,PCF OEM,Kit Selfie Stick 5 en 1 Bluetooth SmartFy,6,3.989
99937370,Apple,iPhone 11 Pro Silicone Case - White,1,9.989
Accesorios Electrónica,,,,
99927701,Adafruit,Bases de pines para Feather - 12-pin y 16-pin,1,490
99930482,PCF OEM,Conector HDMI - Ángulo recto,1,2.490
99930198,Raspberry Pi,"Fuente de Alimentación Raspberry Pi 2,5A 13W Element 14Oficial",7,3.990
Accesorios Impresoras 3D,,,,
99937907,Creality,"Boquilla de impresora 3D de 0.4mm para CR-10S Pro, CR-10Max (4 unidades)",1,1.990
99935801,Creality,"Superficie de impresión magnética para impresora CR-10SPro",4,4.990
Accesorios Notebooks,,,,
99936349,Apple,Adaptador Lightning a USB,1,19.990
99937682,Apple,Adaptador Lightning a lector de tarjetas SD,1,14.989
99919985,Apple,Adaptador Thunderbolt a Gigabit Ethernet para Mac,1,14.989
99937460,Apple,Adaptador de Thunderbolt 3 (USB-C) a Thunderbolt 2,3,19.990
99937461,Apple,Adaptador de Thunderbolt a Gigabit Ethernet,5,14.989
99937679,Apple,Adaptador de USB-C a USB,1,9.989
99937681,Apple,Adaptador de conector Lightning a USB para cámara,5,9.989
99937464,Apple,"Cargador MagSafe 2 de 60 W (para MacBook Pro conpantalla Retina de 13"")",4,29.988
99937465,Apple,"Cargador MagSafe 2 de 85 W (para MacBook Pro conpantalla Retina de 15"")",1,39.990
99922211,Apple,Cargador original Magsafe 2 60W para MacBook Pro Retina,2,29.988
Accesorios Tablas Digitalizadoras,,,,
99929683,Wacom,Cable 3 en 1 para Cintiq 13HD y Companion STJA328,3,6.990
99929685,Wacom,Cable USB 1m para Intuos y Bamboo STJA307,4,4.990
99933397,Livescribe,Livescribe 2GB Echo Smartpen,1,24.990
99928566,Wacom,"Lápiz para Intuos Art, Comic, Draw LP190K",4,9.990
99928573,Wacom,Stand McAllan para MobileStudio Pro 13 & 16 ACK627K,1,25.990
Accesorios Tablets,,,,
99921886,Apple,Apple Pencil,4,49.990
99948109,Apple,Apple Pencil (1a Generación),1,119.990
99937334,Apple,Apple Pencil (1a generación),26,69.972
SKU,Marca,Nombre,Stock,"Precio Unitarioc/Iva"
99937321,Apple,Apple Pencil (2a generación),1,69.972
99940112,Zagg,Lápiz Pro Stylus iPad Negro,1,24.990
Accesorios de Drones,,,,
99917396,DJI,Phantom 2 - GPS,1,45.967
99919945,Syma,X5C Quadricoptero - Protección Hélice,42,389
Accesorios de Impresoras,,,,
99927700,Brother,Bandeja inferior de 500 hojas LT-320,1,49.990
99925742,Epson,Bateria Externa Picturemate PM-525,2,24.990
99931639,Brother,Unidad de Transferencia  BU-223CL,1,49.990
Access Point,,,,
9995919,Air802,Access Point / Router AP-G250 250mW,8,14.990
9996950,Advantek,Access Point / Router AWR-1054GR/E,2,9.990
99910799,TPLink,Access Point 2.4 GHz Exterior G54 TL-WA5210G,2,16.990
9992021,DLink,Access Point 2.4 GHz N300 DAP-1360,24,4.990
99913273,DLink,Access Point 2.4 GHz PoE AirPlus DAP-2360,2,42.990
99910414,Tenda,Access Point 300Mbps Slim W301A,1,11.990
99914149,Linksys,Access Point Dual-Band N300 WAP300N,8,20.990
99910725,TPLink,Access Point PoE 2.4 GHz N150 TL-WA701ND,15,6.990
99910797,TPLink,Access Point PoE 2.4 GHz N300 TL-WA901ND,10,13.990
9994007,Linksys,Access Point WAP54G,2,12.990
99913055,Linksys,Bridge Inalambrico WUMC710,3,45.990
Actuadores,,,,
99927582,Adafruit,Matriz LED 16x24 Roja concatenable con driver HT1632C,1,7.990
99927724,Luckylight,Matriz LED RGB 8x8 miniatura,1,1.490
Adaptadores Bluetooth,,,,
99923463,Spektra,"Adaptador Bluetooth para Audio - transmisor y receptor deaudio",5,9.990
Adaptadores PC,,,,
99922983,Spektra,Adaptador Micro HDMI a VGA,1,3.990
99921836,PCF OEM,Adaptador Micro HDMI a VGA con Sonido,1,2.990
99922974,Spektra,Adaptador Mini DisplayPort a VGA,5,1.990
99922971,Spektra,Adaptador Mini HDMI a VGA,7,990
99936124,Kensington,Adaptador USB-C a USB-A,1,4.990
99924763,PCF OEM,Adaptador VGA-macho a HDMI-hembra,2,2.990
9996201,PCF OEM,Cable Adaptador USB a Puerto Paralelo,4,990
9998944,Spektra,Cable Adaptador USB a Puerto Paralelo,1,3.990
99932317,Tripp Lite,"Extensor HDMI Inalámbrico con IR, 50 metros",1,119.990
Adaptadores Portátiles,,,,
SKU,Marca,Nombre,Stock,"Precio Unitarioc/Iva"
99914848,Microlab,"Adaptador SD/MMC/TF micro SD /T2/MM Duo para GalaxyTab",2,990
99913152,Microlab,"Cable cargador y sincronizador USB para iPad 2, iPhone,iPod",1,1.990
Alarmas,,,,
99916063,Opexia,Control Remoto de Alarma,1,1.990
99918750,Opexia,Kit Alarma inalámbrica GSM compatible con Smartphone,13,34.990
99927614,Drakon,Kit Casa Segura,4,39.990
99927611,Drakon,"Kit de seguridad (1x central alarma, 2x cámaras, 10xsensores, 2x controles remoto, 2x sirenas)",1,119.990
99935201,Drakon,Kit seguridad Alarma + Sirena + Sensores,2,39.990
99927487,Gear,Sensor de Movimiento GR-M101,1,2.990
All-in-One,,,,
99941516,Asus,"All In One Vivo V222 21.5"" FullHD Intel Pentium Gold 6405U4GB 1TB + 128GB SSD Windows 10 V222FAK-BA298T",1,377.230
99943513,HP,"All in One 22"" FullHD Intel Pentium J5040 8GB 256GB SSDWindows 11 22-dd0533la",1,392.700
99939249,HP,"All in One 23,8"" FullHD Intel Core i3-1115G4 4GB 1TBWindows 10 24-df1000la",1,401.030
99948043,Gear,"All in One A2769 27"" FullHD Intel Celeron N4000 4GB 240GBSSD",1,239.990
99947487,Lenovo,"LIQ - All In One IdeaCentre A340 23.8"" FullHD Intel CeleronJ4025 4GB 1TB Windows 10",2,251.227
99948089,HP,"LIQ - All in One 21.5"" FullHD AMD Ryzen 3 3250U 8GB256GB SSD Windows 11 22-dd0536la",1,317.051
99948091,HP,"LIQ - All in One 21.5"" FullHD Intel Pentium J5040 4GB256SSD Windows 11 22-dd2009la",1,264.194
99946781,HP,"LIQ - All in One 23,8"" FullHD Intel Core i3-1115G4 4GB 1TBWindows 11 24-df1000la",1,279.304
99947624,Lenovo,"LIQ - All in One IdeaCentre 3 23.8"" FullHD AMD Athlon 3050U8GB 512GB SSD Windows 11",1,249.989
99945945,Lenovo,"LIQ - All in One IdeaCentre A340 24"" FullHD   i3-10110U 4GB1TB  Windows 11",2,275.919
45945,Lenovo,"LIQ - All in One IdeaCentre A340 24"" FullHD   i3-10110U 4GB1TB  Windows 11",1,414.061
99947871,Lenovo,"LIQ - All in One Ideacentre A340 23.8"" FullHD Intel PentiumJ5005 4GB 1TB Windows 11",4,256.927
46573,Dell,"LIQ - All in One Inspiron 5400 23.8"" Full HD Intel i7-1165G716GB 1TB+256GB SSD  Windows 10",1,839.605
99948880,Asus,"LIQ - All in One Vivo AiO V241 23.8"" FullHD Intel i5-1135G716GB 512GB SSD Windows 11 V241EAK-BA273W",1,440.076
99945395,Asus,"LIQ - All in One Zen AiO 24 A5401 23.8"" FullHD Intel Core i7-10700T 8GB 1TB + 256GB SSD MX330 2GB Windows 10A5401WRPK-BA006T",1,758.836
SKU,Marca,Nombre,Stock,"Precio Unitarioc/Iva"
Antenas,,,,
99936476,YXWireless,Antena Repetidora de Señal de Celular 2G/ 3G Reply,1,59.976
99928650,YXWireless,Antena Repetidora de Señal de Celular 3G Reply,2,39.984
99925424,YXWireless,Antena Repetidora de señal Celular 3G Reply,4,39.984
99918627,YXWireless,Antena Reply de señal Celular 3G,7,39.984
99942687,Sanny Telecom,Antena Rubber Duck STRD24G9,1,5.950
Antenas TV Digital,,,,
99923539,RCA,Antena TV ANT 121,2,9.989
Artículos de Escritorio,,,,
99932490,Deepcool,Base para Monitor Standar 55x26cm,1,9.989
Asistentes de Voz,,,,
99932214,Echo,"Asistente de voz en Español Echo Dot Charcoal (3raGeneración)",1,24.990
99947611,Echo,"Asistente de voz en Español Echo Dot Charcoal (5taGeneración)",1,69.990
99947612,Echo,"Asistente de voz en Español Echo Dot Glacier White (5taGeneración)",2,69.990
Aspiradoras Robot & Limpieza,,,,
99941321,iRobot,"Aspiradora Robot Roomba S9+ compatible con Alexa yGoogle assistant",1,599.990
Audio All in One,,,,
99930246,Sony,Minicomponente MHC-V41D,1,119.989
99938509,Master G,"Parlante Karaoke SPB8B BT 8""",2,28.560
99928263,Master G,Parlante Karaoke SPBT12,3,58.667
99928262,Master G,Parlante Karaoke SPBT8,3,42.007
Audífonos Call-Center,,,,
99925199,Spektra,Audifono Headset Negro c/mic,5,1.490
99925198,Spektra,Audifono Headset PC Blanco c/mic,14,1.490
9995447,Genius,Audifonos HS-04S,1,1.990
9993608,Genius,Audifonos HS-05A,2,4.990
99939452,Kensington,Audífonos Kensington Stereo USB K97601WW,1,8.990
Audífonos Gamer,,,,
99938017,Turtle Beach,Audífono Gamer Stealth 300 Negro/Azul,2,58.310
99932457,Gear Gamer,Audífono Gamer Viggo,1,4.990
Audífonos Headset,,,,
99931242,Panasonic,Audifono RP-HF100 Azul,1,5.950
99938131,Motorola,Audífono Bluetooth Escape 220 Negro,1,10.990
99936824,Skullcandy,Audífono Bluetooth RIFF Negro,3,47.600
99928241,Sony,Audífono MDR-ZX110 Negro,1,5.950
99923382,Sony,Audífono MDR-ZX110AP Negro,2,9.520
SKU,Marca,Nombre,Stock,"Precio Unitarioc/Iva"
99935320,Altec Lansing,Audífono R3volution X Headphones Negro,2,21.420
99933939,JBL,Audífono T500 Negro,1,14.989
Audífonos In Ear,,,,
99937437,Apple,AirPods (2a generación),23,69.972
99937435,Apple,AirPods Pro,1,99.990
99933585,Apple,Audifonos Apple Airpods 2a generación,9,69.990
99946239,JBL,Audifonos In-ear JBL W100 TWS Negro,1,69.990
99947886,Blik,Audífono Bluetooth Air600,2,24.990
99940863,Sennheiser,Audífono Bluetooth CX400 TWS,1,97.580
99939138,Huawei,Audífono Bluetooth FreeBuds PRO TWS Blanco,1,89.989
99942990,Huawei,Audífono Bluetooth FreeBuds PRO TWS Silver,2,119.000
99934273,Sony,Audífono Bluetooth In Ear 1000XM3 TWS,3,107.100
99936829,Skullcandy,Audífono Bluetooth JIB+ Negro,5,14.280
99942051,Skullcandy,Audífono Bluetooth Sesh Evo Negro TWS,2,53.550
99948214,Skullcandy,Audífono Bluetooth Sesh Evo TWS Bleach Blue,1,44.990
99931621,Altec Lansing,Audífono Bluetooth Sport BT/WP,2,9.989
99938316,Sony,Audífono Bluetooth XB700 TWS Negro,7,95.200
99926479,Panasonic,Audífono Deportivo Bluetooth RP-BTS10 Negro,1,14.280
99943389,Samsung,Audífono EO-IA500 Negro,2,4.990
99917523,Apple,Audífono EarPods con Micrófono para iPhone/iPod,2,9.989
99932623,Panasonic,Audífono In Ear TCM-55 Negro,4,3.570
99940472,Skullcandy,Audífono In ear TWS Indy Evo Negro,7,71.400
99939712,Skullcandy,Audífono In ear TWS JIB True Negro,12,35.700
99921855,Sony,Audífono MDR-E9LP Negro,3,3.570
99933661,Bose,Audífono SoundSport IE Android,1,59.989
99934823,Sony,Audífono WI-C310 Negro,2,17.850
99936434,Huawei,Audífono in ear CM33 conector USB tipo C,1,5.950
99937438,Apple,Audífonos EarPods conector 3.5mm,15,9.989
99937440,Apple,Audífonos EarPods conector lightning,46,9.989
99943115,Samsung,Audífonos In Ear TWS Galaxy Buds2 Negros,2,83.300
99945743,Skullcandy,Audífonos In ear WTS Dime Negro,4,23.800
99948256,Beats,Audífonos In-Ear Beats Flex - Azul Flama,1,49.990
Banda Ancha Móvil,,,,
99925669,Huawei,BAM Huawei E8372 (4G + Wifi) Entel,6,19.990
99937500,ZTE,Mifi ZTE MF920U Prepago WOM,1,19.990
99941077,ZTE,Mifi ZTE MF920u1 4G Prepago WOM,9,36.890
99923982,Huawei,Router Huawei B310 WOM,1,78.539
99934010,Huawei,Router Huawei B311 WOM,1,67.830
Barras de Sonido,,,,
SKU,Marca,Nombre,Stock,"Precio Unitarioc/Iva"
99947368,22N,LIQ - Barra de Sonido Zenet 60W RMS,2,26.137
99930115,JBL,Soundbar Bluetooth Bar 2.0,2,89.989
Bases Notebooks,,,,
99945114,Wooderline,"Base Notebook 17"" Ergonómica + Soporte Celular Madera",1,9.989
Baterías de Repuesto,,,,
99924365,Samsung,Bateria de Repuesto para J1,3,6.716
Bolsos Cámaras,,,,
99916672,Case Logic,Bolso Cámara de Acción Luminosity,1,4.990
Bolsos Tablets,,,,
99925164,Leaf,Funda Kindle Paperwhite 2015,9,990
99925161,Leaf,Funda Kindle Touch 2016,18,990
CPU AMD sAM4,,,,
99948912,AMD,LIQ - CPU Ryzen 9 5950X (AM4),1,476.000
CPU Intel s1200,,,,
99940729,Intel,CPU Intel Core i5-11600K 3.9GHz 12MB (s1200),1,169.989
99938162,Intel,CPU Intel Core i7-10700F 2.9GHz 16MB (s1200),1,179.990
CPU Intel s2066,,,,
99926323,Intel,CPU Intel Core i7-7800X 3.5 GHz LGA 2066,1,111.990
99926322,Intel,CPU Intel Core i7-7820X 3.6 GHz LGA 2066,1,139.990
Cables,,,,
99944840,Philips,Cable  USB-C 1.2 MTS Negro,1,5.989
99939929,Spektra,Cable Lightning a tipo C Fast Charging 1m,2,5.355
99943323,Spektra,Cable USB 4.0 Spektra,1,5.989
99917598,Apple,Para iPhone 4/4S/ipad 30 Pin Cable,1,989
Cables Adaptadores Audio,,,,
99937739,Spektra,Cable USB C a salida Jack 3.5mm 1.2m,1,4.192
99923280,Spektra,Cable Óptico de Audio Digital - 3mts,1,1.690
99923281,Spektra,Cable Óptico de Audio Digital mini 3.5mm - 3mts,1,2.490
Cables Adaptadores Video,,,,
9992004,Sapphire,Adaptador Activo Mini DisplayPort a DVI (EyeFinity),1,7.990
99937660,Spektra,Adaptador HDMI Hembra a HDMI Macho 90°,1,1.990
9991280,Spektra,Adaptador de DVI-I macho a VGA hembra,43,490
99920442,PCF OEM,Cable  HDMI /  DVI  3.0m,3,3.570
99935215,One For All,Cable Componente A/v Compuesto,1,990
9998955,Spektra,Cable Extensión para Monitor VGA m/h 15 pins  3.0m,10,990
99937664,Spektra,Cable HDMI a USB C 2m,1,2.990
9998952,Spektra,Cable Video DVI-I macho / VGA macho 1.8m,3,990
9991274,Spektra,Cable Video HDMI macho / DVI-D macho 1.8m,1,990
99934805,Spektra,Cables HDMI 1.4 de 1.8 metros,1,1.990
SKU,Marca,Nombre,Stock,"Precio Unitarioc/Iva"
Cables Coaxiales,,,,
99926315,Spektra,Cable Coaxial 5M RP-SMA Macho a Macho,3,2.990
99926318,PCF OEM,Cable Coaxial de 1M Hembra RP-SMA a Macho Tipo N,1,490
Cables Datos / USB,,,,
99944569,Satechi,Adaptador USB-C a USB,3,4.990
99934148,Spektra,Cable SATA (Serial-Ata) Datos (8P) 180°,1,490
Cables Desktop,,,,
99930178,Silverstone,Cable 8 pin a  EPS12V 4+4 pin,1,990
99930167,Silverstone,Pack de cables PSU,1,7.990
Cables Poder,,,,
99919868,Tripp Lite,Adaptador de Salida C13 a Universal,1,2.990
99919152,PCF OEM,Cable de Poder y Spliter Molex a SATA 17 cm,1,1.490
Cables de Red,,,,
99915076,Exelink,Cable Telefónico + Conectores RJ11 - 2.1mts,3,490
99931951,Spektra,"Cable patch cord UTP CAT5E + Conectores RJ45 7m - 100%Cobre",1,2.990
Cables y Adaptadores,,,,
99913758,Apple,Adaptador 30 Pines a VGA MC552ZM/B,1,6.180
99936334,Apple,Adaptador HDMI a DVI,1,9.989
99920677,Apple,Adaptador Lightning a  USB,6,9.989
99919993,Apple,Adaptador Lightning a Micro USB,11,9.989
99913512,Apple,Adaptador Mini DisplayPort a DVI-D para Macbook,1,9.989
99937457,Apple,Adaptador de Lightning a entrada de 3.5 mm para audífonos,1,4.990
99937456,Apple,Adaptador de USB-C a entrada de 3.5 mm para audífonos,1,4.990
99919669,Apple,Adaptador de Video VGA a USB-C,1,19.990
99937678,Apple,Adaptador multipuerto de USB-C a VGA,1,19.990
99919984,Apple,Apple Mini Display Port to VGA Adapter,3,9.989
99937095,Apple,Cable Lightning a USB APPLE Blanco 2M,1,9.989
99937484,Apple,Cable de carga USB-C (2 m),2,9.989
Candados y Seguridad,,,,
99936087,Kensington,Cable  ClickSafe 2.0 con Kit  Dell®,8,4.990
99932677,Targus,"Candado Notebook 3 en 1 Cabezales Intercambiables Tbar-Nano-Noble",1,9.990
99914049,Kensington,"Candado Notebook Clicksafe con llave 1,5 mts",2,4.990
99924156,Targus,"Candado Notebook Defcon con clave 1,98 mts",2,4.990
99924157,Targus,"Candado Notebook Eco con clave 1,5 mts",7,4.990
9994655,Kensington,Candado Notebook MicroSaver con llave 1.8 mts,7,4.990
99932886,Kensington,"Candado Notebook MicroSaver® 2.0 con llave 1,8mts",1,4.990
99922128,Kensington,"Candado Notebook MiniSaver para Ultrabook con llave 1,8mts",10,4.990
SKU,Marca,Nombre,Stock,"Precio Unitarioc/Iva"
Capturadoras de Video,,,,
99937942,Gear Gamer,Capturadora Gamer Leeroy 1080P HD,2,36.295
Carcasas,,,,
99923913,Samsung,Carcasa J7 2016 Flip Wallet - Negro,1,4.990
99927443,GSM,Carcasa Moto G4 Negra,1,490
99927448,GSM,Carcasa Samsung J5 Prime Negra,1,490
27453,GSM,Carcasa Samsung J7 Prime Fucsia,2,490
27452,GSM,Carcasa Samsung J7 Prime Negra,1,490
33729,MobileHUT,Carcasa Y9 2019 Negra,1,2.990
18054,Samsung,Para Galaxy Grand 2 Duos carcasa flip wallet negra,1,490
Cargadores Notebooks,,,,
99946519,Spektra,"Cargador alternativo para Notebook Acer, 65W, 19V, 3.42A,conector 5.5mm*1.7mm c/cable de poder",1,12.990
99946522,Spektra,"Cargador alternativo para Notebook Dell, 45W, 19.5V, 2.31A,conector 4.5mm*3.0mm C/Cable de Poder",1,14.990
Cargadores para automóvil,,,,
99918047,Samsung,Cargador de Auto con Cable Micro USB Samsung Negro,1,4.990
99916833,Cygnett,Cargador de Auto con cable 30 Pin 1M Cygnett Negro,1,2.990
Cargadores para casa,,,,
99916842,PCF OEM,"Cargador (Adaptador) USB para Auto y Casa con CableRetractil 30 pin para iPhone 4/4S",5,2.990
99928967,Apple,"Cargador (Adaptador) de casa  Apple 5W para iphone/iPadsin cable SEC",6,4.990
99926764,Apple,Cargador (Adaptador) de casa 5W para iphone/iPad Sin cable,1,4.990
99917878,Apple,Cargador (Adaptador) de casa 5W para iphone/iPad Sin cable,1,4.990
99937363,Apple,Cargador (Adaptador) de casa 5W para iphone/iPad Sin cable,1,4.990
99939003,Apple,Cargador (Adaptador) de casa 5W para iphone/iPad Sin cable,3,4.990
99917589,Belkin,Cargador (Adaptador) de casa 5W sin cable Negro,1,2.490
99916871,Spektra,Cargador (Adaptador) de pared universal Sin cable,1,2.490
99947823,Gyrux,Cargador Pared USB-C 20W,1,14.990
99944879,Samsung,Samsung Cargador Inalámbrico para Auto,3,24.990
Cartuchos de Tinta y Botellas para Impresoras,,,,
99936872,Canon,Botella de Tinta Original Canon GI-10 Cyan,1,8.330
99938646,Epson,Botella de Tinta Original Epson T524320-AL Magenta,2,9.990
99917308,Epson,Botella de Tinta Original Epson T774120-AL Negro,3,6.990
99917101,Brother,Cartucho de Tinta Original Brother  LC505 Cyan,2,2.990
99917102,Brother,Cartucho de Tinta Original Brother  LC505 Magenta,1,2.990
99917100,Brother,Cartucho de Tinta Original Brother  LC509 Negro,2,3.990
99912446,Brother,Cartucho de Tinta Original Brother  LC60 Amarillo,1,2.990
9993791,Brother,Cartucho de Tinta Original Brother  LC75 Magenta,1,4.990
SKU,Marca,Nombre,Stock,"Precio Unitarioc/Iva"
99921102,Canon,Cartucho de Tinta Original Canon PG-44 Negro,1,3.990
999437,Epson,Cartucho de Tinta Original Epson T073120-AL Negro,1,3.990
999941,Epson,Cartucho de Tinta Original Epson T073420-AL Amarillo,1,3.990
99921517,Epson,Cartucho de Tinta Original Epson T296120-AL Negro,1,3.990
99914233,Epson,"Cartucho de Tinta Original Epson T58464 colores + Papelfotográfico",1,1.990
99921091,HP,Cartucho de Tinta Original HP 664 Negro,1,4.990
99921755,Canon,Cassette Papeles+Tintas Selphy KP-108,1,10.990
Cintas (Rotuladoras),,,,
99923136,Brother,"Cinta blanca-Texto negro  DK-1209 62mm / 29mm 800etiquetas (Ancho / Largo)",2,9.989
99927246,Brother,Cinta blanca-Texto negro M-231 12mm / 8mm (Ancho / Largo),3,4.192
Combo Radios + Parlantes para Automóvil,,,,
99927071,Philips,"Combo Radio para Automóvil Philips CE233/55 + ParlantePhilips CSP6911",1,49.990
99924902,Pioneer,"Combo Radio para Automóvil Pioneer 1950UB + Parlante16cms + Parlante 6x9 Pioneer",1,92.990
Combos Teclado / Mouse,,,,
99947570,Trust,Combo Gaming 4-in-1 Trust Ziva Bundle,2,34.990
99947620,HP,Combo HP Teclado + Mouse 230 Wireless Black,1,31.990
99947621,HP,Combo HP Teclado y Mouse 650 Wireless Black,1,64.990
99937121,Spektra,Combo Teclado + Mouse  USB Negro KM-500,1,5.989
99938212,Gamdias,Combo Teclado + Mouse + MousePad Ares P2 3-en-1,3,14.989
99937722,HP,Combo Teclado + Mouse 300 Wireless,1,14.989
99921658,Genius,Combo Teclado + Mouse C130 USB Negro,1,3.989
99936112,HP,Combo Teclado + Mouse HP 160 USB Negro,2,9.989
99925616,Spektra,Combo Teclado + Mouse MKC-117 USB Negro,2,5.989
9996537,Microsoft,Combo Teclado + Mouse Optical Desktop 600 USB,1,8.990
99941413,Kensington,"Combo Teclado + Mouse Pro Fit ERGO Inalámbrico DualWireless - Bluetooth  Negro",1,24.990
99917368,Genius,Combo Teclado + Mouse Slimstar i820,1,14.989
99935965,Corsair,"Combo Teclado Gamer K55 Inglés + Mouse Gamer HarpoonRGB LED USB",3,71.399
99944794,Gamdias,"Combo Teclado Hermes E1C + Mouse Gamer Multi 3-in-1Brown Switch US Silver",2,49.980
99935351,Gamdias,"Combo Teclado Hermes Lite + Mouse Erebos Lite GamerEspañol",1,46.053
Componentes Electrónicos,,,,
99930547,PCF OEM,40-pin placa extensora FPC + cable FFC 200m,1,990
99930565,PCF OEM,Capacitor Electrolitico 4700uF 10V,2,490
99930462,PCF OEM,Resistores through-hole 2.2k 1/4W 5% - 25pcs,1,490
SKU,Marca,Nombre,Stock,"Precio Unitarioc/Iva"
99930553,Adafruit,Shield para Arduino - 12 x Touch Capacitivo,1,4.990
Conectores de Red,,,,
99925642,Spektra,Faceplate dos puertos,3,490
99921696,Spektra,Faceplate un puerto,2,490
9998176,Air802,Faceplate un puerto,1,490
99925917,Tenda,Inyector PoE 10/100 15W 48V,1,2.990
99934876,Tripp Lite,"Juego Extensor Activo DisplayPort a HDMI sobre Cat5 / Cat6,45m",1,19.990
99943297,TPLink,Splitter PoE,1,5.990
Cámaras Análogas,,,,
99927736,Kguard,Camara de vigilancia tipo bala 1080p AHD,1,12.990
Cámaras IP,,,,
99916607,Genius,Camara IP SmartCam 220,10,9.990
99925633,AirLive,Carcaza de seguridad para camara Airlive BC-5010,1,5.990
99910549,DLink,Cámara IP Inalambrica DCS-2130,1,24.990
99916061,Opexia,Cámara IP Inalámbrica,1,19.990
99917110,DLink,Cámara IP Inalámbrica DCS-5020L,1,29.990
9991517,DLink,Cámara IP Inalámbrica DCS-930L,3,9.990
99919118,DLink,Cámara IP Power Line Domo DCS-6045 LKT,1,39.990
99944835,Xiaomi,Mi Wireless Outdoor Security Camera 1080p con receptor,1,71.400
99929921,HIKVISION,Soporte para Mini PTZ DS-2DE2202-DE3/W,1,5.990
DVD,,,,
99922600,Asus,DVDRW SATA 24x Negro DRW-24F1ST,29,4.990
99914759,LG,DVDRW SATA 24x Negro OEM GH24NS,185,2.990
99919300,LG,DVDRW SATA 24x Negro OEM GH24NSC0B,281,2.990
Desktop,,,,
99948001,Gear,"Desktop  AMD Ryzen 3 PRO 4350G 8GB 1TB HDD + 128GBSSD",1,419.990
99946071,Gear,Desktop AMD Athlon 3000G 8GB 1TB,1,299.990
99947178,Gear,Desktop AMD Ryzen 3 Pro 4350G 8GB 240GB SSD DVDRW,1,399.990
99947546,Gear,"Desktop Gamer Blue Demon Intel Core i5-10400 8GB 500GBSSD NVIDIA PH-GTX1650 4GB",2,699.990
99946217,Gear,"Desktop Gamer Blue Demon Intel i5-11400 Tray 8GB 1TBNVIDIA GTX 1650 4GB",1,739.990
99946402,Gear,"Desktop Gamer Red Demon AMD Ryzen 5 5600x 8GB 1TB +128GB SSD NVIDIA GTX1660 S 6GB",1,1.199.990
99945341,Gear,"Desktop Gamer Red Demon Intel Core i5-10400 8GB 240GBSSD NVIDIA GTX1650 Phoenix 4GB",1,655.690
99946454,Gear,Desktop Intel Celeron Prime j4005i 4GB 1TB,1,299.990
99937545,Gear,Desktop Intel Core i5-10400 8GB 1TB DVDRW,1,229.989
99945525,Gear,Desktop Intel Core i5-11400 8GB 250GB SSD DVDRW,1,269.990
SKU,Marca,Nombre,Stock,"Precio Unitarioc/Iva"
99940258,Gear,Desktop Intel Core i5-9400F 8GB 1TB Windows 10 Home,1,269.990
99944169,Gear,Desktop Intel Pentium Gold G6405 4GB 1TB,1,189.989
99943968,Gear,Desktop Intel Pentium Gold G6405 4GB 1TB,1,189.989
99944936,Gear,LIQ - Desktop AMD A10-9700 4GB 1TB,1,153.591
99948972,Gear,"LIQ - Desktop AMD Ryzen 5 5600G 8GB 1TB HDD + 480GBSSD",1,356.967
99947239,Gear,LIQ - Desktop AMD Ryzen 5 5600G 8GB 250GB SSD,1,290.122
99947170,Gear,"LIQ - Desktop Gamer Blue Demon Intel Core i3-10105 8GB1TB NVIDIA GTX 1050Ti 4GB",1,400.244
99947564,Gear,"LIQ - Desktop Gamer Blue Demon Intel Core i3-9100F 8GB1TB NVIDIA GTX1050Ti 4GB",1,230.148
99946717,Gear,"LIQ - Desktop Gamer Blue Demon Intel Core i7-11700K 16GB480GB SSD NVIDIA RTX 2060 12GB",1,1.035.090
99947467,Gear,"LIQ - Desktop Gamer Blue Demon Intel i3-10100F 8GB 1TBNVIDIA PH-GTX 1650 4GB",2,388.143
99947096,Gear,"LIQ - Desktop Gamer Blue Demon Intel i5-10400 8GB 1TBNVIDIA GTX 1650 4GB",1,454.782
99946698,Gear,"LIQ - Desktop Gamer Blue Demon Intel i5-11400 8GB 1TBNVIDIA GTX 1660 6GB",3,717.490
99947501,Gear,"LIQ - Desktop Gamer Intel Core i3-10105F 8GB 1TB NVIDIAGTX1650 Phoenix",1,423.690
99947407,Gear,"LIQ - Desktop Gamer Intel Core i3-9100F 8GB 1TB NVIDIAGTX1650 Phoenix",1,436.090
99946660,Gear,"LIQ - Desktop Gamer Intel Core i5-10400F 8GB 1TB NVIDIAGTX 1650 4GB",5,487.589
99947094,Gear,"LIQ - Desktop Gamer Intel Core i5-11400 16GB 1TB +480SSD GTX1660Ti 6GB Dual",1,767.990
99946706,Gear,"LIQ - Desktop Gamer Intel Core i5-11600K 8GB 1TB NVIDIAGTX1650",2,616.490
99948541,Gear,"LIQ - Desktop Gamer Intel i7-11700K 16GB 480GB SSD TUFRTX3060Ti 8GB",1,1.108.900
99947431,Gear,"LIQ - Desktop Gamer Red Demon AMD Ryzen 5 5600 8GB1TB NVIDIA GTX 1650 4GB",1,487.900
99948971,Gear,"LIQ - Desktop Gamer Red Demon AMD Ryzen 5 5600X 8GB1TB NVIDIA GTX1660S 6GB",1,589.068
99947514,Gear,"LIQ - Desktop Gamer Red Demon Intel Core i3-10100 8GB1TB NVIDIA PH-GTX 1650 4GB",1,498.990
99946411,Gear,"LIQ - Desktop Gamer Red Demon Intel Core i3-10105F 8GB1TB NVIDIA GTX1650 Phoenix",2,377.990
99946696,Gear,"LIQ - Desktop Gamer Red Demon Intel Core i3-9100F 8GB250GB SSD NVIDIA GTX1650 Phoenix 4GB",2,449.490
99947500,Gear,"LIQ - Desktop Gamer Red Leeroy AMD Ryzen 5 3500 8GB1TB + 128GB SSD NVIDIA GTX1650 4GB MINI",2,438.190
99944946,Gear,LIQ - Desktop Intel Core i3-9100 4GB 1TB Windows 10,1,249.900
SKU,Marca,Nombre,Stock,"Precio Unitarioc/Iva"
99948108,Gear,LIQ - Desktop Intel Core i5-10400 8GB 240GB SSD DVDRW,1,253.708
9999812,Gear,"XS-58a AMD Dual Core E350 / 2Gb / 500 / HD6310 / DVDRW/ TMP",1,59.989
Discos Duros PC,,,,
99912311,Toshiba,Disco Duro 1TB Sata3 7200 rpm 32MB,1,24.990
99912396,Toshiba,Disco Duro 500GB Sata3 7200 rpm 32MB,40,9.990
99932517,Seagate,Disco Duro PC 2TB Barracuda,1,29.989
Discos Notebooks,,,,
99913174,Toshiba,"Disco Notebook 320GB Sata2 2.5"" 5400rpm",2,5.989
99932412,Toshiba,Disco Notebook 500GB L200,2,28.890
Discos SSD,,,,
99947147,WD,LIQ - Unidad SSD 1TB PCIe NVMe Gen4 M.2 SN770 Black,1,99.127
99942858,WD,LIQ - Unidad SSD 1TB PCIe NVMe Gen4 M.2 SN850 Black,2,115.877
99946489,WD,LIQ - Unidad SSD 1TB PCIe NVMe M.2 SN570 Blue,2,65.990
99944091,WD,LIQ - Unidad SSD 240GB PCIe NVMe M.2 SN350 Green,7,22.990
99946647,WD,LIQ - Unidad SSD 250GB PCIe NVMe M.2 SN570 Blue,2,26.894
99947115,Kingston FURY,"LIQ - Unidad SSD 2TB PCIe NVMe Gen4 M.2 Renegade (w/Heatsink)",1,190.400
99945521,Kingston,LIQ - Unidad SSD 2TB PCIe NVMe M.2 NV1,1,86.870
99944991,WD,LIQ - Unidad SSD 480GB PCIe NVMe M.2 SN350 Green,8,32.990
99947167,WD,"LIQ - Unidad SSD 500GB PCIe NVMe Gen4 M.2 SN850Black",1,58.191
Discos Servers,,,,
99911197,IBM,"Disco SAS 600GB 2.5""  SFF HS 10k (49Y2003)",1,79.990
99913900,HP,"Disco Sata 1TB Server 3.5"" (659337-B21)",2,49.990
99932574,Dell,"Disco Server 1TB 7.2K RPM SATA 6Gbps 3.5in Cabled HardDrive (T30/T140/R240)",1,19.990
99926487,HPE,"Disco Server 1TB SATA 7.2K LFF RW HDD(ML30/MicroServer)",1,39.990
99932814,Lenovo,"Disco Server ThinkSystem 3.5"" 1TB 7.2K SATA - Non-HotSwap 512n (ST50)",1,29.990
99940329,HPE,"LIQ - Disco Server 1TB SATA 7.2K LFF RW HDD(ML30/MicroServer)",1,52.360
Dockings Notebooks,,,,
99922627,Kensington,Docking Station SD3600 Dual Video / USB 3.0 / USB 2.0,1,52.990
99938574,Kensington,Nano Docking Station Universal SD2000P USB-C 4K,1,49.990
Drones,,,,
99947247,Syma,Drone Syma GPS X31 Azul,1,85.090
Enclosure (Cofres),,,,
9999411,Spektra,"Cofre 2.5"" HD SATA USB 2.0",2,3.990
9999377,Spektra,"Cofre 3.5"" HD SATA USB 2.0 Metálico",12,4.990
SKU,Marca,Nombre,Stock,"Precio Unitarioc/Iva"
9999406,Spektra,"Cofre 3.5"" HD SATA USB 2.0 Plástico",25,2.990
99928311,Spektra,"Cofre 3.5"" HDD SATA USB 3.0 Aluminio - SP-M350",11,4.990
9997017,Microlab,"Cofre 3.5"" SATA / USB",1,5.950
99928308,Spektra,"Docking 2.5""/3.5"" SATA USB 3.0 - SP-D2535",4,4.990
Extensores de Red,,,,
99938424,TPLink,Extensor PLC (vía Red Eléctrica) AV1000 + Wi-Fi AC750,1,65.450
99920272,DLink,"Extensor PLC (vía Red Eléctrica) AV200 + WIFI N150 DHP-W221AV",5,47.600
99918955,TPLink,Extensor PLC (vía Red Eléctrica) AV200 TL-PA2010KIT,1,15.470
99934659,TPLink,"Extensor PLC (vía Red Eléctrica) AV600 + WiFi N300 TL-4220KIT",1,52.360
99924919,TPLink,"Extensor PLC (vía Red Eléctrica) Kit Extensor/ReceptorAV500 + WiFi N300 TL-WPA4220KIT",1,47.600
99938419,TPLink,Extensor PLC (vía eléctrica) AV600 TL-PA4010KIT,1,34.510
99924485,TPLink,Extensor PLC (vía eléctrica) AV600 TL-PA4010KIT,5,34.510
99944585,Linksys,"Extensor de alcance Wi-Fi de doble banda AC750 LinksysRE6250",1,38.080
99937977,TPLink,Repetidor WIFI 6 Dual Band Ax1500 RE505X,2,66.640
99944051,TPLink,Repetidor WIFI 6 Dual Band Ax1800 RE605X con One Mesh,2,89.250
99929376,TPLink,Repetidor Wi-Fi Dual-Band AC750 RE200,4,21.420
99947636,DLink,Repetidor WiFi 6  Ax1500 E15 con Mesh,2,59.990
99937764,DLink,Repetidor WiFi Dual Band AC1200 DAP-1610,6,33.320
99932779,DLink,Repetidor WiFi Dual Band AC1200 DAP-1620,1,33.320
99925924,TPLink,Repetidor WiFi Dual Band AC1200 RE305,4,41.650
99935546,DLink,Repetidor WiFi Dual Band AC750 DAP-1530,4,23.800
99942696,Xiaomi,Repetidor WiFi Mi WiFi Range Extender AC1200 EU,6,17.850
99927150,Tenda,Repetidor WiFi N300 A9,3,9.520
99925419,DLink,Repetidor WiFi N300 DAP-1325,20,17.850
99922636,DLink,Repetidor WiFi N300 DAP-1330,2,17.850
99919498,Kasda,Repetidor WiFi N300 KW5583,3,10.710
99940967,Xiaomi,Repetidor WiFi N300 Mi WiFi Range Extender Pro,1,10.710
99918954,TPLink,Repetidor WiFi N300 TL-WA850RE,4,17.850
Fabrica Gear,,,,
9995289,Gear,ARM - Gabinete mATX 450w Gear ONE,1,9.990
99925722,Intel,ARMADO - CPU Intel Core i5-7400 3.0 GHz,1,69.990
99911862,Toshiba,ARMADO - Disco Duro 500GB Sata3 7200 rpm,14,13.990
99913812,Kingston,ARMADO - Memoria Notebook 4GB SoDimm DDR3 1333,1,8.990
Filtros,,,,
99928784,Haida,Adaptador 58mm para Porta Filtros Serie 100,2,5.990
99928787,Haida,Adaptador 72mm para Porta Filtros Serie 100,2,5.990
SKU,Marca,Nombre,Stock,"Precio Unitarioc/Iva"
99928773,Haida,Filtro CPL Polarizado 62mm,1,5.990
99928769,Haida,Filtro UV Multicoating 58mm,6,5.990
Flash e Iluminación,,,,
99929011,PCF OEM,Difusor Universal tipo Domo,3,990
99927763,Manfrotto,Luz Led Lumimuse 6,2,19.990
Fuentes de Poder (PSU),,,,
99934336,Gamdias,Fuente de Poder 600W 80Plus Bronze,1,63.070
99925576,Spektra,Fuente de Poder 650W mITX,1,4.990
9998275,Spektra,Fuente de Poder 800W,1,9.990
GPS,,,,
99923424,Garmin,"GPS Portátil 5.0"" Drive Assist 50 Garmin",1,89.990
Gabinetes con Fuente,,,,
99940598,Spektra,Gabinete mATX 200W Poison 6505,4,9.990
Gabinetes sin Fuente,,,,
99934841,Apexgaming,Gabinete ATX A2 Black,2,9.990
99944098,Gamdias,"Gabinete ATX Apollo M2 Elite RGB / 2 Ventiladores 200mmARGB",3,39.990
99944096,Gamdias,Gabinete ATX Athena M1 Elite RGB / 3 Ventiladores ARGB,2,59.500
99938348,Gear Gamer,Gabinete ATX Blackstar,3,9.990
99928477,Corsair,Gabinete ATX Crystal 460X RGB Vidrio Templado,1,47.990
99938350,Gear Gamer,Gabinete ATX Fearless (RGB) / 2 Fans LED,2,17.990
99926750,Deepcool,Gabinete ATX Kendomen Titanium,1,29.989
99936811,Deepcool,Gabinete ATX Macube 310 Black,2,65.450
99939733,Gamdias,Gabinete ATX Mars M1 RGB,1,47.481
99938872,Asus,Gabinete ATX TUF Gaming GT301,1,113.050
99944094,Gamdias,Gabinete ATX Talos M1B / 3 Ventiladores ARGB,1,39.990
99938349,Gear Gamer,Gabinete ATX Wavetreck / 3 Fans LED,4,17.990
99932479,Deepcool,Gabinete E-ATX E-Shield,2,12.990
99939955,Deepcool,Gabinete E-ATX Matrexx 55 Mesh,4,29.989
99939954,Deepcool,Gabinete E-ATX Matrexx 55 Mesh ARGB / 4 Ventiladores,1,26.990
99934840,Apexgaming,Gabinete E-ATX X1,1,14.990
99925976,Deepcool,Gabinete mATX Frame,1,19.040
Gavetas de Dinero,,,,
99923574,3nStar,Gaveta de dinero CD350 RJ11 Negra 41x42cm,1,49.990
Grabadoras DVR y NVR,,,,
99926482,Annke,DVR 4 Canales 2MP - 1080P TVI DN41R,5,29.989
99917566,Zmodo,DVR 8 canales,1,39.990
99932713,Annke,Grabador DVR 8 canales 3MP,1,59.500
99947350,Foscam,Grabador NVR 8 canales 5MP POE FN8108HE,1,119.990
SKU,Marca,Nombre,Stock,"Precio Unitarioc/Iva"
99947622,Annke,LIQ - Grabador DVR 8 canales 3MP,1,38.080
Hub USB,,,,
99936122,Kensington,HUB USB 2.0 4 Puertos UH4000,1,5.990
Iluminación y Enchufes Inteligentes,,,,
99945184,Xiaomi,Ampolleta  inteligente Wifi Mi Smart LED Bulb Luz Calida,1,4.990
99935482,Wirmel,Enchufe Inteligente EI-300,1,9.989
99928069,Broadlink,Enchufe Inteligente Wifi Controlado desde tu Smartphone,3,5.989
Iluminación y efectos,,,,
99932392,Chauvet DJ,Obey 40 DMX Controller,1,69.990
Impresoras 3D,,,,
99947009,Creality,Impresora 3D Ender-3 Neo,1,239.990
99947010,Creality,Impresora 3D Ender-3 V2 Neo,1,319.990
99930754,Creality,Impresora 3D de Resina LD-001,1,149.990
Impresoras Laser,,,,
99946134,Brother,"Impresora Led Color HL-L3270CDW WiFi / Ethernet / Dúplex /NFC",1,389.990
99917013,Samsung,"Impresora Láser Blanco y Negro  SL-M2835DW WiFi /Ethernet / NFC",1,39.990
99918871,Brother,"Impresora Láser Blanco y Negro HL-L2360DW  WiFi /Ethernet / Dúplex",4,173.264
99922447,Brother,"Impresora Láser Blanco y Negro HL-L6400DW Ethernet / WiFi/ Dúplex",1,155.990
99948666,Brother,"LIQ - Impresora Led Color HL-L3270CDW WiFi / Ethernet /Dúplex / NFC",1,186.295
99946675,HP,LIQ - Impresora Láser Blanco y Negro 107W WiFi,1,35.990
Impresoras Tinta,,,,
99917017,Canon,"Impresora Fotográfica Tinta A3+ Pixma IX-6810 WiFi /Ethernet",2,49.990
99934087,Epson,"Impresora Tinta Continua Blanco y Negro EcoTank M1120WiFi - Direct / Ethernet",1,99.990
99917745,Epson,Impresora Tinta Continua EcoTank L120,1,69.990
Innovación,,,,
99946632,Shokz,Audifonos Shokz OpenRun Pro Black,1,169.990
99945011,Xiaomi,Hervidor inteligente Mi Smart Kettle Pro-GL Xiaomi,1,39.990
99944379,Mobile Pixels,"Monitor portátil para Notebook Mobile Pixel Trio MAX 14""modelo 2022",1,149.990
Interfaz de Usuario,,,,
99927393,Waveshare,Display LCD 16x2 Blanco sobre Azul Soldado,1,1.990
99930557,PCF OEM,Teclado de Membrana 1x4 + extras,2,1.990
Joysticks Consolas,,,,
99930605,Gear Gamer,Control Gamepad Nemesis PS4 / PC,1,9.990
SKU,Marca,Nombre,Stock,"Precio Unitarioc/Iva"
99928436,V-Games,Control Inalámbrico para SNES Classic,7,5.990
99927836,NjoyTech,Gamepad PS4 Bluetooth,1,9.990
Juegos PlayStation 4,,,,
99928819,EA Games,Burnout Paradise PS4,31,9.990
99925044,Ubisoft,Ghost Recon Wildlands PS4,2,4.990
99915494,Sony,Juego PS4 - Knack,21,4.990
99923454,Sony,Juego PS4 - No Man's Sky,6,4.990
99926710,Warner,Middle Earth: Shadow of War PS4,17,4.990
KVM,,,,
9995410,DLink,KVM  2 Puertos PS/2 c/Audio KVM-121,1,11.362
Kits de Vigilancia,,,,
99919398,Zmodo,Kit DVR 8 canales + 8 Cámaras CCD 600 TVL,1,85.990
Lectores de Memorias,,,,
9991277,Spektra,"Panel  3.5"" Multilector + USB",11,990
Láminas protectoras,,,,
99927460,PCF OEM,Lamina Vidrio Templado Huawei Y6 II,1,990
99927461,PCF OEM,Lamina Vidrio Templado LG K10 2017,1,990
99926783,PCF OEM,Lamina Vidrio Templado Moto C,1,490
28357,GSM,Lámina Vidrio LG Stylus iii,1,990
99925647,PCF OEM,Lámina Vidrio Templado J1 ACE LTE,1,490
99923918,Leaf,Lámina Vidrio Templado Samsung Galaxy J1,2,490
99923920,Leaf,Lámina Vidrio Templado iPhone 7+,1,1.990
Manos Libres,,,,
99910760,Parrot,Kit para el Auto de Manos Libres Bluetooth Mini Kit +,6,4.990
99911595,PCF OEM,Kit para el Auto de Manos Libres Bluetooth Yada,1,5.989
99914533,Jabra,Manos Libres Bluetooth Jabra Drive BT Negro,5,4.990
99925400,Philips,"Manos Libres Bluetooth Philips DLP2311 Negro + Cargadorde Automóvil Negro",11,1.990
99914532,Jabra,Manos Libres Jabra BT2046,2,1.990
99927620,Philips,Manos Libres Philips SHB1600,4,12.989
99940542,Philips,Manos libres Bluetooth SHB1614 PHILIPS,3,5.989
Memorias Notebook,,,,
99937747,G.Skill,Memoria Notebook 16GB SoDimm DDR4 3200MHz Ripjaws,1,24.990
99910738,Corsair,"Memoria Notebook 2GB SoDimm DDR3 1066MHz ValueRAM",1,1.990
9997339,Kingston,Memoria Notebook 2GB SoDimm DDR3 1333,4,2.990
9993122,Kingston,"Memoria Notebook 2GB SoDimm DDR3 1333MHz  ValueRAM",2,4.990
9999911,Corsair,"Memoria Notebook 2GB SoDimm DDR3 1333MHz ValueRAM",4,2.990
SKU,Marca,Nombre,Stock,"Precio Unitarioc/Iva"
99917572,Crucial,"Memoria Notebook 2GB SoDimm DDR3L 1600MHz ValueRAM",116,1.990
11710,G.Skill,Memoria Notebook 4GB SoDimm DDR3 1333MHz Value,1,9.990
99916264,Kingston,"Memoria Notebook 4GB SoDimm DDR3 1333MHz ValueRAM",12,5.990
99911708,G.Skill,Memoria Notebook 4GB SoDimm DDR3 1600MHz Value,1,9.990
99917750,Crucial,"Memoria Notebook 4GB SoDimm DDR3L 1600MHz ValueRAM",189,9.990
99934614,Kingston,"Memoria Notebook 4GB SoDimm DDR3L 1600MHz ValueRAM",3,9.990
99940088,Crucial,Memoria Notebook 4GB SoDimm DDR4 2666MHz Value,1,10.710
99942117,Kingston,"Memoria Notebook 4GB SoDimm DDR4 2666MHz ValueRAM",3,14.990
99927956,Crucial,"Memoria Notebook 8GB SoDimm DDR4 2400MHz ValueRAM",1,9.990
99935103,Crucial,Memoria Notebook 8GB SoDimm DDR4 2666MHz Value,2,16.990
99947680,Kingston,Memoria Notebook 8GB SoDimm DDR4 2666MHz Value,8,29.990
Memorias PC,,,,
9998349,Kingston,DDR3 1GB 1333MHz PC3-10600,5,990
9991860,Kingston,DDR3 2GB 1333MHz PC3-10600,2,4.990
99914779,G.Skill,DDR3 2GB 1333MHz PC3-10600,2,4.990
9998716,Corsair,DDR3 2GB 1333MHz Value RAM,5,4.990
99912314,G.Skill,DDR3 2GB 1333Mhz PC3-10600,1,4.990
99923013,Crucial,DDR3L 2GB 1600MHz Value RAM,27,3.990
99939910,G.Skill,DDR4 16GB (2x8GB) 3600MHz Trident Z Royal RGB (Silver),2,49.990
99940034,Corsair,DDR4 16GB (2x8GB) 3600MHz Vengeance Pro RGB (Black),1,49.990
99939904,G.Skill,DDR4 16GB (2x8GB) 4000MHz Ripjaws V,1,39.990
99936031,Kingston,DDR4 16GB 3000MHz HyperX Fury RGB,1,39.990
99937039,G.Skill,DDR4 4GB 2400MHz Value RAM,1,9.990
99933918,Crucial,DDR4 4GB 2666MHz Value RAM,1,10.990
99946597,Kingston FURY,DDR4 8GB 3200MHz Beast,1,39.990
99946598,Kingston FURY,DDR4 8GB 3200MHz Beast RGB,1,44.990
99944015,Kingston FURY,DDR5 16GB 5200MHz Beast,1,42.850
99946681,Kingston FURY,DDR5 8GB 5600MHz Beast,1,99.990
Memorias Servers,,,,
99921624,HP,MEM Server 8GB Single Rank x4 DDR4-2133 (726718-B21),1,39.990
Micrófonos PC,,,,
99937670,Spektra,Micrófono Jack 3.5mm,1,1.490
Micrófonos ambientales y de percusión,,,,
99932414,Audio-Technica,Micrófono de conferencia U855QL cuello ganso,1,74.990
Monitoreo de Vehículos,,,,
SKU,Marca,Nombre,Stock,"Precio Unitarioc/Iva"
99939259,PCF OEM,Monitor Kit AHD + Cámara de retroceso AHD,1,24.990
Monitores,,,,
99948016,MSI,"Monitor 24"" Curvo PRO - Full HD, Panel VA, 75Hz, FreeSync(MP242C)",1,149.990
99941484,Gear Gamer,"Monitor Gamer 23,8"" Full HD, Panel TN, 144Hz(1ms),FreeSync",1,147.203
99928253,MSI,"Monitor Gamer 32"" Optix AG32C 165 hz 1 ms FreeSync",1,361.165
99915796,Samsung,"Monitor LED 19"" LF19TOWHBDM",2,173.145
MousePads,,,,
99931849,HyperX,MousePad Gamer HyperX FURY S Speed Pro Extra Large,2,24.990
Mouses,,,,
99932874,Gear Gamer,Mouse Gamer Pendulum Óptico USB Negro,1,3.990
99947613,HP,Mouse HP 150 Wired Mouse,1,6.990
99944744,Microsoft,Mouse Modern Mobile Bluetooth Pastel Peach,2,14.989
99944746,HP,Mouse Wired 100 Cable USB Negro,1,4.522
Multifuncionales Laser,,,,
99948491,Brother,"LIQ - Multifuncional Led Color MFC-L3750CDW WiFi /Ethernet / Dúplex / ADF / Fax",1,290.241
99948823,Brother,"LIQ - Multifuncional Láser Blanco y Negro  DCP-L5650DNEthernet / Full Dúplex",1,268.564
99932942,Brother,"LIQ - Multifuncional Láser Blanco y NegroWiFi/Ethernet/Dúplex  DCP-L2540DW",1,86.590
99925403,Brother,"Multifuncional Laser Blanco y Negro MFC-L6900DW WiFi /Ethernet / Full Dúplex / NFC",2,357.000
99931609,Brother,"Multifuncional Led Color DCP-L3551CDW WiFi-Direct /Ethernet / Dúplex / ADF",1,238.000
99921039,Brother,"Multifuncional Láser Blanco y Negro DCP-1617NW WiFi /Ethernet / ADF",1,60.194
99918876,Brother,"Multifuncional Láser Blanco y Negro MFC-L2700DW WiFi /Ethernet / Dúplex",2,149.990
Multifuncionales Tinta,,,,
99939024,HP,LIQ - Multifuncional Tinta Continua SmartTank 530 WiFi / ADF,1,98.518
99927913,Canon,"Multifuncional Fotográfica Tinta Continua  Pixma G3100 +Botella GI-190 BK WiFi",1,61.990
99936560,Epson,Multifuncional Tinta Color Expression XP-2101 WiFi-Direct,2,50.218
99933803,Brother,"Multifuncional Tinta Continua A3 InkBenefit Tank MFC-T4500DW WiFi / Ethernet / Dúplex / Fax",1,199.990
99944166,Epson,Multifuncional Tinta Continua EcoTank L3250 WiFi-Direct,1,129.990
99929221,Brother,Multifuncional Tinta Continua InkBenefit Tank DCP-T310,1,44.990
99928843,Brother,"Multifuncional Tinta Continua InkBenefit Tank DCP-T510WWiFi",4,48.990
99940309,Brother,"Multifuncional Tinta Continua InkBenefit Tank DCP-T520WWiFi-Direct",3,49.990
SKU,Marca,Nombre,Stock,"Precio Unitarioc/Iva"
99928846,Brother,"Multifuncional Tinta Continua InkBenefit Tank DCP-T710WWiFi / ADF",2,56.990
99941410,Brother,"Multifuncional Tinta Continua InkBenefit Tank MFC-T925DWWiFi-Direct / Dúplex",2,99.990
99929272,HP,Multifuncional Tinta Continua InkTank 415 WiFi,1,99.990
99942907,Canon,Multifuncional Tinta Continua Maxify GX6010 WiFi / Ethernet,1,157.990
99942908,Canon,Multifuncional Tinta Continua Maxify GX7010 WiFi / Ethernet,7,174.990
99940433,Canon,Multifuncional Tinta Continua Pixma G2160 Navy Blue,2,60.990
99939623,Canon,Multifuncional Tinta Continua Pixma G3110 WiFi,1,59.990
99940434,Canon,Multifuncional Tinta Continua Pixma G3160 Navy Blue WiFi,3,74.990
99939104,HP,Multifuncional Tinta Continua SmartTank 500,1,64.990
99940428,HP,Multifuncional Tinta Deskjet IA 2775 WiFi,1,39.990
99944766,HP,Multifuncional Tinta Deskjet Ink Advantage 2774 WiFi,4,74.851
Notebooks 2 en 1,,,,
99948094,Dell,"LIQ - Notebook Inspiron 5410 2en 1 14"" FHD Intel i5-1155G712GB 512GB SSD Windows 11 Silver",1,570.916
99947969,HP,"LIQ - Notebook Pavilion x360 14"" FHD Intel i5-1135G7 8GB512GB SSD Windows 10 Natural Silver",1,501.585
99946141,Samsung,"Notebook Galaxy Book2 360 13.3"" FHD Intel i5-1235U 8GB512GB SSD Windows 11 Gray",1,1.199.990
Notebooks Tradicionales,,,,
99944347,HP,"LIQ - Notebook 240 G8 14"" HD Intel i3-1005G1 4GB 1TBWindows 10 Dark Gray",4,189.990
99943690,HP,"LIQ - Notebook 250 G8 15.6"" HD Intel i3-1005G1 4GB 1TBWindows 10",2,279.990
99945583,HP,"LIQ - Notebook Chromebook 11.6"" HD AMD A4-9120 4GB32GB eMMC Chrome OS Gris",3,99.990
99946659,Samsung,"LIQ - Notebook Galaxy Book2 15.6"" FHD Intel i7-1255U 8GB512GB SSD Windows 11 Silver",1,456.955
99947951,Lenovo,"LIQ - Notebook Gamer IdeaPad Gaming 3 Ryzen 7 4800HNVIDIA GTX 1650Ti 4GB 15.6"" FHD 120Hz 8GB RAM 512GBSSD Windows 11 Onix Black",1,524.133
99946665,HP,"LIQ - Notebook Gamer Omen Ryzen 7-5800H Radeon RX6600M 16.1"" FHD 144Hz 16GB 512GB SSD Windows 11Silver 16-c0506la",4,828.235
99948947,Asus,"LIQ - Notebook Gamer ROG Flow X13 Ryzen 7 6800HSNVIDIA RTX 3050 4GB 13.4"" WUXGA 120HZ 16GB RAM512GB SSD Windows 10 Off Black GV301RC-LJ015W",1,699.989
99946342,Asus,"LIQ - Notebook Gamer ROG Flow X13 Ryzen 9 5980HSNVIDIA GTX 1650 4GB + XG Mobile Externa RTX 3080 13.4""FHD 32GB RAM 1TB SSD Windows 10 GV301QH-K6231T",1,1.498.210
99947679,Asus,"LIQ - Notebook Gamer ROG G713 Ryzen 9 6900HX NVIDIARTX 3070Ti 8GB 17.3"" WQHD 240HZ 16GB RAM 1TB SSDWindows 11 Eclipse Gray G713RW-LL039W",1,1.545.390
SKU,Marca,Nombre,Stock,"Precio Unitarioc/Iva"
99947657,Asus,"LIQ - Notebook Gamer ROG Strix 17 Ryzen 9 5900HXNVIDIA RTX 3080 16GB 17.3"" WQHD 32GB 2TB SSDWindows 10 Black G733QS-K4083T",1,1.669.439
99947883,Asus,"LIQ - Notebook Gamer TUF Gaming F15 FX506 Intel i5-10300H NVIDIA GTX 1650 4GB 15.6"" FHD 144Hz 8GB RAM512GB SSD Windows 11 Bonfire Black FX506LHB-HN326W",1,566.990
99946692,HP,"LIQ - Notebook Gamer Victus Intel i7-11800H NVIDIA RTX3060 6GB 16.1"" FHD 144Hz 16GB RAM 512GB SSDWindows 11 16-d0515la Performance Blue",1,779.515
99946226,Acer,"LIQ - Notebook Swift 3 SF314 Intel i5-1135G7 14"" IPS 8GB256GB SSD Windows 11 Silver",1,411.502
99948481,Asus,"LIQ - Notebook Vivobook Intel i5-1035G1 14"" FHD 60Hz12GB 512GB SSD Windows 11 Slate Grey X415JA-EK2428W",1,285.450
99947461,Asus,"LIQ - Notebook X415 14""FHD Intel i3-1115G4 8GB 512GBSSD Windows 11 Transparent Silver X415EA-EB1566W",5,360.790
99947661,Asus,"LIQ - Notebook X515 15.6"" FHD 60Hz Intel i5-1035G1 12GB512 SSD Windows 11 Silver X515JA-BQ4117W",1,327.357
99949014,Asus,"LIQ - Notebook ZenBook Pro Duo 15 Intel i9-11900H NVIDIARTX 3080 8GB 15.6"" OLED 32GB RAM 1TB SSD Windows11 UX582HS-H2016W",1,1.765.365
99948798,Samsung,"LIQ - Notebooks Galaxy Book2 15.6"" FHD Intel i5-1240P 8GB512GB SSD Intel Arc A350M Windows 11 Silver",1,515.454
99937978,HP,"Notebook 250 G7 15.6"" HD Intel i3-1005G1 4GB 1TBWindows 10",1,199.989
99941940,HP,"Notebook 250 G8 15.6"" HD Intel i3-1005G1 4GB 1TBWindows 10",1,199.989
99942392,HP,"Notebook 348 G7 14"" HD Intel i3-10110U 4GB 1TB Windows10 Silver",1,192.990
99943016,Acer,"Notebook Aspire 3 AMD Ryzen 3 3250U 14"" FHD 12GB256GB SSD Windows 10 Silver",1,470.318
99942048,Acer,"Notebook Gamer Nitro 5 Intel i5-10300H NVIDIA GTX 16504GB 15.6"" FHD 144Hz 16GB 512GB SSD Windows 10 Negro",2,879.990
99932247,Asus,"Notebook Gamer TUF FX505GD Intel i5-8300H NVIDIA GTX1050 4GB 15.6"" FHD 60Hz 1TB 8GB Windows 10 GreyFX505GD-BQ279T",1,389.989
99942186,Asus,"Notebook Gamer TUF FX506HC Intel i5-11400H NVIDIA RTX3050 15.6"" FHD 144Hz 8GB 512GB SSD Windows 10 GreyMetal FX506HC-HN042T",1,880.257
99944776,HP,"Notebook Gamer Victus Intel i7-11800H NVIDIA RTX 30606GB 16.1"" FHD 144 Hz 16GB RAM 512GB SSD Windows 1116-d0515la Performance Blue",1,986.700
99946792,Lenovo,"Notebook IdeaPad Gaming 3 Ryzen 5-4600H NVIDIA GTX1650Ti 4GB 15.6"" FHD 120Hz 8GB RAM 512GB SSDWindows 11 Onix Black",1,723.992
99941919,Dell,"Notebook Inspiron 3501 15.6"" HD Intel i3-1115G4  4GB 1TBWindows 10 Silver",3,431.684
SKU,Marca,Nombre,Stock,"Precio Unitarioc/Iva"
99945030,HP,"Notebook Pavilion 15.6"" HD Ryzen 5-4500U 8GB 512GB SSDWindows 10 actualizable a Windows 11 Natural Silver",1,399.990
99937289,HP,"Notebook Pavilion Gamer Ryzen R5-4600H NVIDIA GTX1650(4GB) 15.6"" FHD 8GB RAM 256GB SSD Windows 10Acid Green 15-ec1026la",1,533.115
99939660,Dell,"Notebook Vostro 3401 14"" HD Intel i3-1005G1 4GB 1TBWindows 10",1,170.990
Notebooks Ultralivianos,,,,
99948725,Samsung,"LIQ - Notebook Galaxy Book2 Pro 15.6"" AMOLED FHD Inteli7-1260P 16GB 512GB SSD Windows 11 Gray",1,1.599.990
99947148,Gear,"LIQ - Notebook Lotus 14.1"" FHD Celeron 4GB 128GB SSDWindows 10 Space Grey",1,99.990
99947128,Huawei,"LIQ - Notebook Matebook 14s Intel i7-11370H 16GB 1TBSSD Windows 10 + MateDock",1,981.491
99946643,Gear,"LIQ - Notebook Orchid 14.1"" FHD Intel i5-1135G7 8GB256GB SSD Windows 10",1,219.990
99938020,HP,"Notebook 240 G7 14"" HD Celeron N4020 4GB 500GB",1,166.206
99943505,HP,"Notebook 240 G8 14"" HD Celeron N4020 4GB 500GBWindows 10",1,199.989
99945545,Samsung,"Notebook Galaxy Book2 Pro 13.3"" FHD Intel i5-1240P 8GB512GB SSD Windows 11 Silver",1,599.990
99935834,Asus,"Notebook Ultraliviano VivoBook 14"" FHD  Intel i3-8145U 4GB256GB SSD Windows 10 Silver X420FA-EK153T",1,223.990
99940077,Asus,"Notebook Ultraliviano Vivobook X412FA 14"" FHD PentiumN5405 4GB 256GB SSD Windows 10 Silver X412FA-EB1257T",2,177.990
99937723,Asus,"Notebook Ultraliviano Zenbook UX435 14"" FHD Intel i7-1165G7 16GB + 32GB Optane 512GB SSD NVIDIA MX4502GB Windows 10 TOUCH + Microsoft 365 pre-instaladoUX435EG-AI095TS Pine Grey",1,675.438
99945348,Gear,"Pack Notebook Lotus 14.1"" FHD Celeron 4GB 128GB SSDWindows 10 Space Grey + Silla Gamer Omilen Black / Blue",1,169.989
Office Adobe Otros,,,,
99931165,Microsoft,"Microsoft 365 Business Standard 1 Usuario, Suscripción 12Meses, Ex Office 365 Premium Empresa",1,61.990
Otros Smart Home (Domótica),,,,
99925330,Go Control,"Kit de Seguridad Inteligente Z-wave con Sensores deMovimiento y Apertura Compatible con Wink",1,29.990
99913475,Agama,Repuesto 530A - Cepillos,4,990
99928596,Honeywell,Termostato Inteligente Wi-Fi Honeywell Lyric T5,2,59.990
POS Impresoras,,,,
99945117,HP,LIQ - Impresora POS Térmica  One Prime USB Type-C,2,49.990
99936853,3nStar,"LIQ - POS impresora térmica portátil Bluetooth/USB 80mm derecibos y etiquetas",1,111.573
SKU,Marca,Nombre,Stock,"Precio Unitarioc/Iva"
99933708,3nStar,"POS impresora térmica portátil Bluetooth/USB 80mm derecibos y etiquetas",2,69.990
POS Lectores,,,,
99936685,3nStar,POS Lector 2D inalámbrico  SC455,1,89.990
99924744,3nStar,POS Lector Codigo de Barras 1D SC050,3,9.990
99919952,Data Logic,POS Lector Codigo de Barras C/Base Lite Kit Black 1 D,3,19.990
9998803,PCF OEM,POS Lector Codigo de Barras CCD Barcode Scanner USB,1,19.990
9997662,PCF OEM,POS Lector Codigo de Barras Laser Ps2 USL-1000P,1,14.990
99919426,PCF OEM,POS Lector Codigo de Barras Laser USB,3,13.990
99922602,PCF OEM,POS Lector Codigo de Barras Laser USB 1D,1,6.990
9999953,PCF OEM,POS Lector Codigo de Barras Laser USB LS-2400,8,22.990
9996446,PCF OEM,POS Lector Codigo de Barras Laser USB USL-1000U,1,26.990
9997663,PCF OEM,POS Lector Codigo de Barras Laser c/base USB USL-1000U,5,19.990
99922738,Honeywell,POS Lector Codigo de Barras Voyager 1250g,1,26.990
99927769,Spektra,POS Lector Código de Barras 1D Wireless RG-W700,1,7.990
99928235,Spektra,POS Lector Código de Barras 2D RG-2D650,2,9.990
99927935,3nStar,POS Lector Código de Barras 2D SC405,1,34.990
99935487,3nStar,POS Lector Código de Barras 2D SC410,2,34.990
99930214,3nStar,POS Lector Código de barra Imager 1D SC150,2,19.990
99927933,3nStar,POS Lector Inalámbrico Código de Barras 1D SC305,2,39.990
99936794,3nStar,"POS Lector código de barras Inalámbrico 1D con receptorUSB SC-310BT",2,24.990
99928423,3nStar,Pos Lector Manos Libres 1D SC205,3,44.990
POS Monitores,,,,
99944627,3nStar,LIQ - Mini PC de punto de venta,1,169.990
99927400,3nStar,"POS All in One SSD 120GB Windows 10 Enterprise IOTPTE0105",1,449.989
Parlantes PC,,,,
99934178,Creative,Parlante Creative Pebble Plus 2.1,1,24.990
99927982,RCA,Parlante RCA S-650SW,2,9.989
99918195,Logitech,Parlante S150 USB,2,9.989
9992959,Gear,Parlantes Base 2.0 USB ES-1700,6,2.499
99915670,Creative,Parlantes Creative A120,1,9.989
99915674,Creative,Parlantes Creative A550,1,44.209
99923460,Creative,Parlantes Creative T3250W,3,18.989
99911753,Creative,Parlantes Multimedia 2.0 A60,1,10.710
9993687,Genius,Parlantes Multimedia 2.0 SP-HF1800A,21,44.149
99910825,Genius,Parlantes Multimedia 2.0 SP-HF800A Madera,8,24.989
9991818,Genius,Parlantes Multimedia 2.0 SP-U150,3,4.990
99910051,Genius,Parlantes Multimedia 2.0 SP-i250G,6,12.137
SKU,Marca,Nombre,Stock,"Precio Unitarioc/Iva"
99911568,Logitech,Parlantes Multimedia 2.0 Z120,1,9.989
99933108,22N,Parlantes PC Triune 11W,3,5.989
99913138,Genius,Parlantes Subwoofer 2.1 SW 370 Madera,7,17.255
99914148,Genius,Parlantes Subwoofer 2.1 SW-HF 1205,42,25.228
Pendrives,,,,
99935584,SanDisk,"Pendrive 128GB USB 3.0 Dual Drive para SmartphonesAndroid",1,6.989
Placas Madres,,,,
99910598,MSI,M/B AMD 760GM-P21 (FX) A/L/V (AM3+),1,7.990
9999737,Gigabyte,M/B AMD 78LMT-S2  A/L/V (AM3+),6,7.990
99921899,MSI,M/B AMD 970A-G43 Plus,1,24.990
99915241,Gigabyte,M/B AMD 970A-UD3P (AM3+),2,19.990
99913879,ECS,M/B AMD A960M-M3 A/L/V (AM3+),4,7.990
99916445,ECS,M/B AMD A960M-MV (AM3+),2,7.990
9991537,Asus,M/B AMD M5A78L-M LX  A/L/V (AM3+),5,7.990
99912031,Asus,M/B AMD M5A78L-M LX V2 A/L/V (AM3+),5,9.990
99916187,Asus,M/B AMD M5A97 R2.0 (AM3+),3,14.990
Placas Madres AMD sAM4,,,,
99946059,MSI,M/B AMD A520M-A PRO (sAM4),1,73.690
Placas Madres Intel s1151,,,,
99932917,MSI,M/B Intel H310M PRO-VDH PLUS (1151-v2),2,19.990
Placas Madres Intel s1200,,,,
99941194,Gigabyte,M/B Intel H410M DS2V (1200),1,29.989
99937815,MSI,M/B Intel H410M-A PRO (1200),1,39.990
99946837,Gigabyte,M/B Intel H510M H (1200-v2),1,101.990
Placas Madres Intel s2011,,,,
99919808,Asus,M/B Intel X99-Deluxe U3.1(2011-3),1,149.990
99911840,Gigabyte,M/B Intel® G1 Assassin 2 A/L (2011),1,99.990
9998781,Asus,M/B Intel® SABERTOOTH X79  (2011),1,79.990
99917928,Gigabyte,M/B Intel® X99-Gaming G1 c/WiFi (2011-3),14,99.990
Plastificadoras de Papel,,,,
99948879,Spyra,"LIQ - Plastificadora de Papeles A3 / Carta / Doble Carta /Oficio Premier 340",1,19.990
99948476,Spyra,"LIQ - Plastificadora de Papeles A3 / Doble Carta / Oficio Ultra330",1,43.353
99936093,Spyra,"Plastificadora de Papeles A3 / Carta / Doble Carta / OficioPremier 340",2,24.990
99922937,GBC,"Plastificadora de Papeles A3 / Doble Carta / Oficio Fusion1100L",1,24.990
99927225,Spyra,Plastificadora de Papeles A4 / Carta / Oficio Premier 230,5,15.989
SKU,Marca,Nombre,Stock,"Precio Unitarioc/Iva"
99924569,Spektra,Plastificadora de Papeles A4 / Carta DWL-432,2,19.990
99943486,Swingline,"Plastificadora de Papeles A4 / Carta Inspir Plus 9"" Turquesa",1,19.990
99943482,Swingline,"Plastificadora de Papeles A4 / Carta Inspire Plus 9"" Blanca",1,19.990
99933375,GBC,Plastificadora de Papeles A4 /Carta / Oficio Fusion 1100L,2,24.990
99935303,Spyra,"Plastificadora-Guillotina de Papeles A3 / Carta / Oficio Trío330",1,34.990
Presentadores,,,,
99947884,Kensington,Presentador Laser Verde con Joystick,2,46.990
Print Servers,,,,
9997515,DLink,Print Server 1 USB DPR-1020,1,41.650
99917796,TPLink,Print Server Inalambrico TL-WPS510U USB 2.0,3,35.700
Procesadores,,,,
99917003,AMD,APU A10 6790K 4.0 GHz / HD8670D (FM2),1,35.990
99917409,AMD,APU A10 7700K 3.4 GHz / Radeon R7 (FM2+),1,35.990
99915428,AMD,APU A4 6300 3.7 GHz / HD8370D (FM2),1,9.990
99918906,AMD,APU A4 7300 / Radeon R3 (FM2+),2,9.990
99927889,AMD,APU A4-4000 3.0GHz 1MB (FM2),1,4.990
99918908,AMD,APU A6 7400K 3.5 GHz / Radeon R5 (FM2+),21,9.990
99914380,AMD,APU A8 6600K 3.9 GHz / HD8570D (FM2),3,22.990
99918907,AMD,APU A8 7600 3.1 Ghz / Radeon R7 (FM2+),1,19.990
99924635,AMD,APU A8 7650K 3.3 Ghz / Radeon R7 (FM2+),1,19.990
99917141,AMD,CPU Athlon 5150 1.6 GHz (AM1),3,7.990
99917140,AMD,CPU Sempron 2650 1.45 GHz (AM1),2,4.990
Rackmount,,,,
99932802,Exelink,"Rack 19"" 12U 600x600 (Para Armar)",1,59.989
Realidad Virtual,,,,
99931515,HTC,Adaptador inalámbrico para HTC Vive,2,99.090
Refrigeración CPU,,,,
99935776,Deepcool,Ventilador CPU Assassin III,1,48.990
99948000,Gamemax,Ventilador CPUGamma 500 RGB,1,49.990
99932358,Corsair,WaterCooling Hydro H100X 2018,1,67.990
Robótica,,,,
99931098,Robotis inc.,Kit Expansión - Dream II STEM - Nivel 2,1,22.990
Routers,,,,
9992401,Cisco,Access Point AIR-AP1242AG-A-K9,13,22.990
99928159,Samsung,"Kit Router / Hub Connect Home (WiFi Dualband AC1300,Zigbee, Z-Wave, Bluetooth) + 2 sensores",3,24.990
99928161,Samsung,"Router / Hub Connect Home Pro (WiFi Dualband AC2600,Zigbee, Z-Wave, Bluetooth)",1,63.990
9991342,TPLink,Router 3G / 4G N150  TL-MR3220,6,4.990
SKU,Marca,Nombre,Stock,"Precio Unitarioc/Iva"
99910791,TPLink,Router 3G / 4G N300 TL-MR 3420,7,7.990
99914879,DLink,Router Cloud Dual Band AC1750 DIR 868L,3,24.990
99917549,DLink,Router Dual Band AC 750 DIR-803,11,7.990
99947779,TPLink,Router Dual Band AC1200 Archer C64,1,49.990
99914881,DLink,Router Dual Band AC750 DIR-810L,5,9.990
99938078,Asus,Router Dual band Fast Ethernet RT-AC1200 V2,2,9.990
99921110,DLink,Router Dual-Band AC750 DIR-809,3,9.990
99932118,DLink,Router Dual-Band AC750 DIR-819,1,9.990
99914880,DLink,Router Dual-Band Gigabit AC1200 DIR-850L,1,14.990
99922999,AirLive,"Router Gateway 3G / 4G LTE  Largo Alcance Exterior N300AirMax4GW",1,99.990
9993288,Advantek,Router I/Gateway ABR-241 4P+Fwll,5,4.990
9991954,Belkin,Router Inalambrico - N125,1,3.990
99911303,DLink,Router Inalambrico DIR-900L MyDlink,13,3.990
9993655,Advantek,Router Inalambrico-N AWR-11N-RT,3,17.990
9995979,DLink,Router Inalambrico-N DIR-615,5,4.990
9997279,DLink,Router Inalámbrico DIR-600,18,3.990
99941377,Linksys,Router Linksys Wi-Fi  AC1000-E5350,1,9.990
99944104,Linksys,Router Linksys Wi-Fi  AC1200-E5400,3,35.700
9994964,Linksys,Router Linux 54G WRT54GL,4,25.990
99940740,DLink,Router Mesh DIR-2150 AC2100,2,35.990
99944302,Asus,Router Mesh WIFI 6 TUF GAMING AX5400,1,107.100
99938923,TPLink,Router Móvil SIM 4G N300 Archer MR6400,1,83.300
99940399,DLink,Router Móvil SIM 4G N300 DWR-M921,3,19.990
99927056,DLink,Router N150 DIR-608N,5,2.990
99922829,DLink,Router N150 DIR-610N+,3,2.990
99910326,TPLink,Router N150 TL-WR740N,24,3.990
99927618,DLink,Router N300 DIR-611,1,3.990
99919179,DLink,Router N300 DIR-615,5,3.990
99911302,DLink,Router N300 DIR-905L,20,3.990
9991306,Linksys,Router N300 E1200,8,9.990
99911167,Linksys,Router N300 E900,1,7.990
99925672,TPLink,Router N300 TL-WR840N,1,3.990
10796,TPLink,Router N300 TL-WR841ND,19,4.990
99910790,TPLink,Router N300 TL-WR941ND,6,4.990
99945391,Xiaomi,Router WIFI 6 Gigabit Xiaomi Mi Router AX3200,1,71.400
99913767,DLink,Router WiFi 3G N300 DIR-514,6,9.990
99911751,DLink,Router WiFi DIR-600,6,2.990
99913913,DLink,Router WiFi N150 DIR-610,22,1.990
SKU,Marca,Nombre,Stock,"Precio Unitarioc/Iva"
99916495,DLink,Router WiFi N150 DIR-610N+,13,3.990
99915307,Asus,Router WiFi N150 RT-N10,1,6.990
16669,Belkin,Router WiFi N600,2,9.990
Routers Mesh,,,,
99947391,DLink,Router Mesh Dual-Band Fast Ethernet AC1200 DIR-822,1,44.990
Routers VPN,,,,
99919241,DLink,Router Unificado Servicio Wireless N DSR-150N,1,83.300
99919242,DLink,Router Unificado Servicio Wireless N DSR-250N,3,107.100
SSD Externos,,,,
99947402,Seagate,LIQ - Unidad SSD Externa Portable One Touch 500GB,1,53.312
Salud y Bienestar (Smart Health),,,,
99937054,PCF OEM,Termómetro infrarrojo sin contacto,70,6.990
Scanners,,,,
99922580,Brother,Escaner ADF Dúplex Gigabit Ethernet ADS-2400,1,118.990
99927859,IRIS,Escaner Dúplex IRIScan Pro 5,2,69.990
99921502,IRIS,Escaner IRIScan Express 4,5,29.990
99918977,Canon,Escaner LIDE 120 USB,1,9.990
99921490,Epson,Escaner Perfection V19,7,29.990
99923260,IRIS,Escaner Portátil Bluetooth con Batería IRISPen Air 7,2,33.990
99915412,Brother,Escaner Portátil DS-620,4,34.990
99929694,Canon,Escaner Portátil P-201,5,29.990
99947152,IRIS,LIQ - Escaner IRIScan Express 4,1,56.295
99910096,HP,Scanner 5590 USB,1,39.990
99922749,Canon,Scanner ADF imageFORMULA DR-F120,8,89.990
9997816,HP,Scanner G3110 USB,1,19.990
99913708,Epson,Scanner Perfection V33,1,19.990
9991825,Genius,Scanner Portatil CP-SF600,4,14.990
9997934,Epson,Scanner Work Force GT-S50,3,84.990
99910422,Epson,Scanner WorkForce GT-1500,6,74.990
Sensores,,,,
99927653,Putal,Cámara Miniatura TTL Serial con JPEG con NTSC Video,1,4.990
99927566,Adafruit,FLORA Acelerómetro/Giroscopio/Magnetómetro 9-DOF,1,5.990
99927579,Haiwang,Fototransistor Sensor de Luz - 4pcs,1,1.490
99927665,"World FamousElectronics",Sensor de Pulso Cardíaco amplificado,1,4.990
99932069,PCF OEM,Sensor de temperatura TMP36,1,1.490
Servers,,,,
99945384,HPE,"LIQ - Server ProLiant ML110 Gen10 Intel® XeonTM 32041.9GHz/16GB/4TB HDD",2,913.908
SKU,Marca,Nombre,Stock,"Precio Unitarioc/Iva"
99919688,Dell,"Server PowerEdge T20 Intel® PentiumTM G3-3220 3.0GHz,4GB RAM, 500GB SATA 3.5""",2,129.990
99916119,Dell,"Server PowerEdge T20 Intel® XeonTM E3-1225 v3 3.2 GHz4GB 1TB 3.5'' SATA",1,149.990
99925420,Lenovo,"TS150 , Intel Pentium G4400 3.3GHz, 4GB 1RX8 ECCUDIMM 2133, 1TB SATA , DVD-ROM , 250W.",1,135.990
Sillas Gamer,,,,
99938536,NjoyTech,Silla Gamer Kronos Black/Blue - Kids,1,39.990
Sillas de Oficina,,,,
99941995,Spektra,Silla de oficina Ergonómica negra   SO-250,1,52.360
99943455,Spektra,Silla de oficina Ergonómica negra SO-100B-1,2,35.700
99943458,Spektra,Silla de oficina Ergonómica negra SO-100B-2,2,27.370
Smart TV,,,,
99942821,TCL,LIQ - Smart TV 32S60 32'' HD WiFi AndroidTV,1,89.989
99948982,Philips,"LIQ - Smart TV 50PUD7906 50"" UHD 4K Android Ambilight",1,189.989
99936656,Samsung,Smart TV 55NU7095 55'' Ultra HD 4K wiFi,1,229.989
99945699,Samsung,Smart TV LED 55 AU7090 UHD 4K,1,299.989
Smartband,,,,
99932158,Huawei,Smartband Huawei Band 3e Negro,1,9.989
99932159,Huawei,Smartband Huawei Band 3e Rosado,2,9.989
Smartphones,,,,
99948494,Samsung,LIQ - Smartphone Galaxy A04e 32GB/3GB Copper Liberado,1,65.688
99948797,Samsung,"LIQ - Smartphone Galaxy S23 256GB/8GB 5G PhantomBlack Liberado",1,567.471
99947746,Honor,LIQ - Smartphone Honor X7 128GB/4GB Silver Liberado,1,102.261
99948794,Huawei,"LIQ - Smartphone Huawei Nova 8i 128GB/6GB InterstellarBlue Liberado",1,122.570
99948729,Motorola,LIQ - Smartphone Moto E22i 64GB/2GB Blanco Liberado,2,63.269
99946915,Motorola,LIQ - Smartphone Moto E30 32GB/2GB Gris Wom - Sin chip,1,58.235
99946715,Motorola,LIQ - Smartphone Moto E7 32GB/2GB Gris Wom - Sin chip,1,75.290
99946617,Motorola,"LIQ - Smartphone Moto E7 32GB/2GB Rosa-Coral Wom - Sinchip",4,75.290
99944811,Motorola,"LIQ - Smartphone Moto E7i Power 32GB/2GB NaranjoLiberado",1,63.890
99943827,Motorola,LIQ - Smartphone Moto G20 64GB/4GB Azul Wom - Sin chip,1,78.990
99946618,Motorola,"LIQ - Smartphone Moto G20 64GB/4GB Rosado Movistar -Sin chip",2,104.090
99945973,Motorola,LIQ - Smartphone Moto G30 128GB/4GB Lila Liberado,1,107.990
99948701,Motorola,LIQ - Smartphone Moto G51 128GB/4GB Azul Liberado,1,141.610
99947782,Motorola,LIQ - Smartphone Moto G51 128GB/4GB Azul Liberado,1,134.470
99948536,Motorola,LIQ - Smartphone Moto G71 128GB/6GB 5G Verde Liberado,3,169.575
SKU,Marca,Nombre,Stock,"Precio Unitarioc/Iva"
99947173,Nokia,LIQ - Smartphone Nokia 3.4 64GB/3GB Gris Claro - Sin chip,3,93.790
99942717,Huawei,LIQ - Smartphone P40 lite 128GB/6GB Verde Liberado QR,1,127.990
99945627,Xiaomi,LIQ - Smartphone Poco M3 64GB/4GB Negro Liberado QR,1,87.454
99946694,Realme,LIQ - Smartphone Realme C21Y 64GB/4GB Negro Liberado,1,92.790
99947437,Xiaomi,LIQ - Smartphone Redmi 10C 64GB/4GB Gris Liberado,1,83.181
99943434,Xiaomi,"LIQ - Smartphone Redmi 9 64GB/4GB Morado Claro - Sinchip",1,116.490
99947496,Xiaomi,LIQ - Smartphone Redmi 9A 32GB/2GB Gris Entel - Sin chip,2,75.290
99948461,Xiaomi,LIQ - Smartphone Redmi 9C 64GB/3GB Lavanda Liberado,1,98.990
99946754,Xiaomi,"LIQ - Smartphone Redmi 9T 128GB/4GB Verde Claro - Sinchip",1,110.290
99947813,Xiaomi,LIQ - Smartphone Redmi A1 32GB/2GB Negro Liberado,1,68.425
99948496,Xiaomi,LIQ - Smartphone Redmi A1 32GB/2GB Verde Liberado,1,68.425
99948923,Huawei,"LIQ - Smartphone Y6 2019 32GB/2GB Negro Movistar QR -Sin chip",1,63.249
99943169,Huawei,LIQ - Smartphone Y8p 128GB/4GB Piedra Luna Liberado QR,1,121.023
99945262,Huawei,"LIQ - Smartphone Y9 2019 Octa Core 3GB 6.5"" 4G AndroidNegro Movistar QR - Sin chip",1,99.990
99928250,Alcatel,"Smartphone Alcatel U5 Quad Core 8GB 5"" Android NegroMovistar",1,50.218
99922637,LG,"Smartphone G5se Octa Core 32GB 5.3"" 4G Android 6.0 TitanLiberado",1,99.990
99937179,Motorola,Smartphone G8 Power Lite 64GB/4GB Azul Movistar,1,49.990
99936571,Samsung,Smartphone Galaxy A01 32GB/2GB Azul Entel,1,69.990
99946436,Samsung,Smartphone Galaxy A03 Core 32GB/2GB Cobre Liberado,1,103.790
99944371,Samsung,Smartphone Galaxy A03s 32GB/3GB Negro Claro,1,112.455
99947225,Samsung,Smartphone Galaxy A04 64GB/4GB Blanco Liberado,1,169.990
99947224,Samsung,Smartphone Galaxy A04 64GB/4GB Negro Liberado,1,169.990
99935328,Samsung,Smartphone Galaxy A10s 32/2GB Azul Wom QR,1,109.361
99937211,Samsung,Smartphone Galaxy A11 32GB/2GB Azul Wom,1,126.021
99946036,Samsung,Smartphone Galaxy A13 128GB/4GB Azul Liberado,1,219.990
99947933,Samsung,Smartphone Galaxy A14 128GB/4GB 5G Negro Liberado,1,279.990
99937213,Samsung,Smartphone Galaxy A31 128GB/4GB Azul Liberado,1,226.100
99938485,Samsung,Smartphone Galaxy A51 128GB/4GB Azul Liberado,1,294.049
99945510,Samsung,Smartphone Galaxy A53 128GB/6GB Negro Liberado,1,361.641
99946044,Samsung,Smartphone Galaxy A53 256GB/8GB 5G Negro Liberado,1,499.990
99923890,Samsung,"Smartphone Galaxy J2 Prime Quad Core 8GB 5"" 4G Android5.1 Negro Liberado",1,86.394
99927137,Samsung,"Smartphone Galaxy J3 Quad Core 8GB 5"" 4G  AndroidDorado Movistar",1,94.129
SKU,Marca,Nombre,Stock,"Precio Unitarioc/Iva"
99931233,Samsung,"Smartphone Galaxy J4+ Quad Core 32GB 6.0 4G Android8.1 Dorado Liberado QR",1,107.100
99931780,Samsung,"Smartphone Galaxy J4+ Quad Core 32GB 6.0 4G Android8.1 Negro Entel QR",1,107.100
99929516,Samsung,"Smartphone Galaxy J7 Neo Octa Core 16GB 5.5"" 4G AndroidDual Sim Negro Liberado QR",1,107.100
99942183,Samsung,"Smartphone Galaxy S20 FE(2) 128GB/6GB Cloud LavenderLiberado",1,361.165
99945201,Samsung,"Smartphone Galaxy S22 Ultra 256GB/12GB 5G NegroLiberado",1,952.000
99943229,Samsung,Smartphone Galaxy Z flip3 128GB/8GB 5G Negro Liberado,1,449.989
99937356,Huawei,Smartphone Huawei Y7P 64GB/4GB Aurora Blue Wom,2,100.555
99931535,Samsung,"Smartphone J2 Core Quad Core 8G 5.0"" 4G Android DoradoWom QR",2,53.550
99929755,LG,"Smartphone K10 2017 Octa Core 16GB 5.3"" 4G AndroidDorado Entel QR",1,98.175
99929902,LG,"Smartphone K4 Quad Core 8G 5"" 4G Android Cafe Entel QR",1,58.310
99922016,LG,"Smartphone K5 Quad Core 8GB 5"" Android 5.1 NegroLiberado",1,67.830
19552,Motorola,"Smartphone Moto E 2Gen Quad Core 8GB 4,5"" Android 5.0Negro Prepago Movistar",1,70.454
99930583,Motorola,"Smartphone Moto E 5ta Quad Core 16GB 5,7"" 4G AndroidFlash Grey Entel QR",1,109.480
99944374,Motorola,Smartphone Moto E20 32GB/2GB Azul Wom,1,69.990
99944473,Motorola,Smartphone Moto E30 32GB/2GB Gris Entel,1,69.990
99941386,Motorola,Smartphone Moto E6i 32GB/2GB Rosado Wom,1,69.990
99942322,Motorola,Smartphone Moto E7 32GB/2GB Gris Wom,1,109.480
99943607,Motorola,Smartphone Moto E7i Power 32GB/2GB Azul Claro,1,69.990
99944045,Motorola,Smartphone Moto E7i Power 32GB/2GB Azul Entel,2,69.990
99942068,Motorola,Smartphone Moto E7i Power 32GB/2GB Azul Movistar,4,92.225
99941614,Motorola,Smartphone Moto E7i Power 32GB/2GB Naranjo Movistar,1,92.820
99941385,Motorola,Smartphone Moto G100 128GB/8GB Verde Liberado,1,503.965
99941615,Motorola,Smartphone Moto G20 64GB/4GB Rosado Movistar,2,151.130
99942034,Motorola,Smartphone Moto G20 64GB/4GB Rosado Wom,1,151.130
99939280,Motorola,Smartphone Moto G9 Power 128GB/4GB Morado Liberado,1,191.590
99935321,Nokia,"Smartphone Nokia 1 Plus Quad Core 16GB 5.45"" 4G AndroidNegro Claro  QR",1,49.990
99937347,Nokia,Smartphone Nokia 1.3 16G/1GB Charcoal Wom,1,53.431
99936636,Nokia,Smartphone Nokia 2.3 32GB/2GB Charcoal Claro,1,84.490
99937762,Motorola,"Smartphone One Fusion 64GB/4GB Verde Esmeralda EntelQR",2,168.028
99939223,Motorola,Smartphone One Fusion 64GB/4GB Verde Esmeralda Wom,1,168.861
SKU,Marca,Nombre,Stock,"Precio Unitarioc/Iva"
99942340,Xiaomi,Smartphone Poco F3 256GB/8GB 5G Negro Liberado QR,1,378.420
99942308,Xiaomi,Smartphone Poco X3 Pro 128GB/6GB Azul Liberado,1,252.161
99922338,Alcatel,"Smartphone Pop 3 Quad Core 8GB 5"" Android 5.1 SilverPrepago Claro",1,53.550
99943723,Realme,Smartphone Realme 8 128GB/8GB 5G Azul Liberado+ Bundle,1,149.990
99944949,Xiaomi,Smartphone Redmi 9A 32GB/2GB Azul Entel,1,58.235
99939646,Xiaomi,Smartphone Redmi 9A 32GB/2GB Azul Movistar,2,58.103
99940270,Xiaomi,Smartphone Redmi 9A 32GB/2GB Negro Claro,2,67.512
99942998,Xiaomi,Smartphone Redmi 9C 32GB/2GB Azul Wom,1,62.715
99943182,Xiaomi,Smartphone Redmi 9T 128GB/4GB Negro Claro,1,85.541
99924193,LG,"Smartphone X Max Quad Core 16GB 5.5"" HD Android 6Negro Liberado + Chip WOM",1,89.989
99927020,Huawei,"Smartphone Y6 II Octa Core 16GB 5.5"" 4G Android NegroEntel",1,65.989
99928976,Huawei,"Smartphone Y7 2018 Octa Core 16GB 5.99"" 4G AndroidDorado Liberado QR",1,69.990
99929858,Huawei,"Smartphone Y9 2018 Octa Core 32GB 5.9"" 4G Android NegroLiberado QR + Parlantes",1,72.990
Smartwatches,,,,
99947898,Samsung,LIQ - Galaxy Watch5 40mm BT Rose Gold,1,173.190
99946387,Samsung,LIQ - Smartwatch Galaxy Watch4 40 mm Gold,4,111.996
99946008,Samsung,LIQ - Smartwatch Galaxy Watch4 Classic 46mm Silver,1,170.176
99948524,Honor,LIQ - Smartwatch Honor GS3 - Negro,1,107.387
99944459,Polar,LIQ - Smartwatch Polar Unite Black,1,83.300
99939445,Samsung,"LIQ - Smartwatch Samsung Galaxy Watch Active 2 44 mmAluminium Black",1,134.395
99944365,Samsung,LIQ - Smartwatch Samsung Galaxy Watch3 41 mm LTE Gold,1,184.450
99948515,Xiaomi,LIQ - Smartwatch Xiaomi Watch S1 Active GL (Ocean Blue),1,92.395
99947172,Xiaomi,LIQ - Smartwatch Xiaomi Watch S1 Active GL Blanco,1,91.365
99947151,Xiaomi,LIQ - Smartwatch Xiaomi Watch S1 Active GL Negro,1,91.365
99948796,SoyMomo,LIQ - Smartwatch para Niños con GPS Space Lite Rosado,1,48.528
99948587,SoyMomo,LIQ - Smartwatch para Niños con GPS Space Lite Rosado,1,48.528
99941200,Samsung,Smartwatch Samsung Galaxy Watch3 45 mm LTE Negro,1,181.990
Soportes - Proyectores,,,,
99930653,Spektra,Soporte Proyector para Pared 10 Kg - Steel GO005R,3,7.990
Soportes para Celulares,,,,
99919001,PCF OEM,Monopod Selfie Azul Bluetooth,2,1.990
99918695,PCF OEM,Monopod Selfie Blanco Bluetooth,1,1.990
99918086,PCF OEM,Monopod Selfie Negro Bluetooth,1,1.990
99919002,PCF OEM,Monopod Selfie Verde Bluetooth,13,1.990
99916819,Cygnett,Soporte de Celular para Bicicleta Cygnett Negro,12,3.990
SKU,Marca,Nombre,Stock,"Precio Unitarioc/Iva"
Splitters y Switches de Video,,,,
99927536,Spektra,HDMI Switch 3 x 1 puertos con control remoto,2,5.990
99931853,Spektra,Splitter HDMI 1 entrada x 2 salidas,1,6.990
99923882,Spektra,Splitter HDMI 1 entrada x 2 salidas 1080p,2,4.990
99931851,Spektra,Switch 2 entradas x 1 salida,1,4.990
99931852,Spektra,Switch 3 entradas x 1 salida 1.4 HDMI,2,4.990
99927217,Spektra,Switch HDMI 2.0 3 entradas x 1 salida 4K 60Hz,1,9.990
99927213,Spektra,Switch Splitter 2 entradas x 2 salidas HDMI,4,7.990
Switch Administrables,,,,
9999789,Air802,"Switch 24b GigaLan Administrable WebSmart SW24MGSFP10/100/1000",5,107.100
Switches,,,,
99924501,TPLink,Switch 08b TL-SF1008P 10/100 04b PoE,1,29.750
9993497,Advantek,"Switch 24b ANS-2402G 19"" +2Port GigaLan",1,25.990
9993496,Advantek,"Switch 24b ANS-24RV 19"" c/VLAN",1,17.990
99913134,DLink,Switch 24b DES-1024D 10/100,2,15.990
TV,,,,
99922958,LG,"Monitor / Televisor 23,6"" 24MT48DF VA HD 144 hz 1 msFreeSync",2,79.989
Tablas Digitalizadoras,,,,
99946745,Wacom,"LIQ - Monitor Tableta Digitalizadora Cintiq Pro 32 TouchDTH3220K1",1,1.572.829
99920975,Wacom,Tabla Intuos Pen & Touch Small Art Creative,1,32.990
Tablets,,,,
99947906,Samsung,"LIQ - Tablet Galaxy Tab S8 11"" 8GB 128GB WiFi + KeyboardCover Silver",2,552.590
99947878,SoyMomo,"LIQ - Tablet Marvel SoyMomo Pro 2.0 8"" 4GB 64GB Wifi OctaCore Android",1,173.190
99946770,Samsung,"Tablet Galaxy Tab S6 Lite 10.4"" 4GB 64GB WiFi con S Pen yBookCover Dark Gray",1,379.990
99942139,SoyMomo,"Tablet SoyMomo Lite 2.0 7"" 2GB 16GB Wifi Quad CoreAndroid Azul",1,49.990
99942111,Lenovo,"Tablet Tab P11 6GB 128GB 11"" 2K 4G LTE + Teclado y Lápiz",1,209.661
Tarjetas Gráficas AMD,,,,
99947774,Gigabyte,"LIQ - Video AMD Radeon RX 6900XT 16GB Aorus XtremeWaterforce",1,1.105.768
99947795,Sapphire,Video AMD PULSE RX 6500XT GAMING OC 4GB GDDR6,1,275.990
Tarjetas Gráficas NVIDIA,,,,
99944350,Asus,Video NVIDIA GT730 2GB SL BRK,2,42.068
99923732,Asus,Video NVIDIA GeForce GT710 2GB GDDR3,1,24.990
99915614,MSI,Video NVIDIA GeForce n210 1024MB DDR3,1,15.990
SKU,Marca,Nombre,Stock,"Precio Unitarioc/Iva"
Tarjetas Gráficas Profesionales,,,,
99942726,Gigabyte,NVIDIA Minería CMP 30HX d6 6G,1,199.990
Tarjetas de Expansión,,,,
99912924,Syba,Adaptador interno IDE a SATA,1,6.990
99921058,Syba,Tarjeta PCI-E 2 puerto Serial,3,3.990
Tarjetas de Red / USB,,,,
99940312,TPLink,ADAPTADOR PCIe AC1200 WIFI BLUETOOTH,1,29.750
99940613,TPLink,Adaptador USB 2.0 A Ethernet 10/100 UE200,1,10.710
99927036,TPLink,"Adaptador USB Inalámbrico de Alta Potencia a 300Mbps TL-WN8200ND",1,12.989
99945650,Spektra,Adaptador USB-C a Ethernet Gigabit AD-124E,5,10.710
999344,DLink,Tarjeta de Red Interna PCI RJ45 10/100 DFE-520TX,2,1.990
99923853,TPLink,Tarjeta de Red Interna PCI RJ45 10/100 TF-3239DL,1,990
9998794,DLink,Tarjeta de Red Interna PCI RJ45 10/100/1000 DGE-528T,3,4.990
99924500,TPLink,Tarjeta de Red Interna PCI-E RJ45 10/100/1000 TG-3468,2,3.990
99924498,TPLink,Tarjeta de Red Interna PCI-E WiFi N300 TL-WN881ND,1,4.990
Teclado para Celulares,,,,
99929604,Philco,Mini Teclado Bluetooth para Celular 7'' Philco,1,6.419
99930223,Spektra,Teclado Bluetooth para Celular & Tablets Spektra,1,9.989
99917660,Genius,"Teclado Micro USB LuxPad A120 para Tablet Android/Windows",2,3.989
Teclados,,,,
99947684,Zagg,"Funda con teclado Pro Keys para iPad Air 10.9 (4ta y 5taGeneración) Zagg",1,101.990
99937384,Apple,Magic Keyboard Español,1,39.990
99945459,Apple,"Magic Keyboard con Touch ID y teclado numérico paramodelos de Mac con chip de Apple - Español - Teclas negras",1,129.990
99941681,Apple,"Magic Keyboard para iPad Pro de 12,9"" (6a, 5a, 4a y 3ageneración) - Español - Blanco",1,189.989
99941680,Apple,"Magic Keyboard para iPad Pro de 12,9"" (6a, 5a, 4a y 3ageneración) - Español - Negro",3,189.989
99938750,Apple,"Smart Keyboard Folio para  iPad Pro de 12,9"" (6a, 5a, 4a y 3ageneración)  - Español",1,99.990
99910524,Avantree,Teclado Deslizable Bluetooth para iPhone 4 / 4S,1,4.990
99946972,Logitech,Teclado Gamer G715 Aurora Lightspeed Wireless,1,226.990
99937069,Corsair,"Teclado Gamer K95 Platinum XT RGB Cherry MX MecánicoInglés",1,166.600
99947567,Trust,Teclado Gamer Trust GXT 833 Thado TKL USB Español,1,20.990
99947569,Trust,"Teclado Gamer Trust GXT 863 Mazz Mecanico EspañolNegro",1,45.990
99947617,HP,Teclado HP 350 Compact Multi-Device Wireless,1,32.990
SKU,Marca,Nombre,Stock,"Precio Unitarioc/Iva"
99937573,Spektra,Teclado KB-700W  Multimedia Wireless Negro,6,1.990
14752,Kensington,Teclado Keyfolio Bluetooth para iPad Mini,2,8.990
99913135,Genius,Teclado MM KB-M200 Black PS2,2,1.990
99934729,Logitech,Teclado Multi-Device K480 Bluetooth Blanco Español,1,11.990
99947556,Genius,Teclado SlimStar Q200 Negro,1,9.990
1293,Genius,Teclado USB LuxeMate i200 Ultra Slim,4,7.990
99936536,Logitech,"Teclado Universal Tablet Folio 9-10"" Bluetooth Inglés",1,39.990
99914810,Lenovo,Teclado para Tablet Convertible K3011 Atom Windows 8,1,21.990
Teléfonos fijos,,,,
99948191,Uniden,Teléfono Inalámbrico Manos Libres Uniden AT3102BK Negro,1,29.990
Toners (Impresoras Laser),,,,
99914502,Brother,Toner Original Brother TN-221 Negro,1,71.400
99919096,Brother,Toner Original Brother TN-2370 Negro,1,26.990
9991931,Brother,Toner Original Brother TN-410 Negro,3,13.990
9999349,Brother,Toner Original Brother TN-420 Negro,3,12.990
9993923,Brother,Toner Original Brother TN-450 Negro,3,22.990
99933818,HP,Toner Original HP 26X Negro,1,54.990
99933813,Brother,Toner Orignal Brother TN-419 Cyan Alto rendimiento,1,60.990
Trituradoras de Papel,,,,
99935982,Fellowes,Trituradora de Papel 11 Litros corte tipo partículas P6C Negra,2,39.990
99932690,Rexel,"Trituradora de Papel 15 Litros corte tipo Challa  MomentumX406",12,29.989
99924567,Spektra,Trituradora de Papel 21 Litros corte tipo challa,2,24.990
99935087,Rexel,Trituradora de Papel 9 Litros corte Tira Momentum S206,5,29.989
99924566,Spektra,Trituradora de Papel para escritorio 3 Litros corte tipo challa,1,9.989
UPS y Reguladores,,,,
99948683,APC,LIQ - UPS 3000VA/2400W Easy UPS Rack (Rail kit) - On-Line,1,445.060
99934066,Vertiv,PSA - 1500VA MINI TOWER UPS,2,101.990
9998104,PCF OEM,Transformador / Convertidor 220-110v  30w,1,3.990
9998848,APC,UPS 1000VA SMART  (SUA1000I),1,237.990
99936101,APC,UPS 1000VA/600W Easy-UPS - Interactiva,14,79.090
99929209,Spektra,UPS 1000VA/600W INTERACTIVA,3,74.990
99924426,Cito,UPS 1000VA/600W POWER LINE-INTERACTIVE,38,79.090
99940240,APC,UPS 1200VA/720W Back UPS Pro Sinewave - Interactiva,3,219.990
99940012,Cito,UPS 1200VA/720W Pure Sinewave Interactive,1,89.990
99922670,Tripp Lite,UPS 1500VA 900W Smart LCD Interactiva,4,204.990
99940252,APC,"UPS 1500VA/1050W Easy UPS SMV / Salida Universal -Interactiva",4,248.990
9991227,APC,UPS 1500VA/865W Power-Saving Back  Pro,17,199.990
SKU,Marca,Nombre,Stock,"Precio Unitarioc/Iva"
99929210,Spektra,UPS 1500VA/900W INTERACTIVA,4,99.090
99926651,Cito,UPS 1500VA/900W POWER LINE-INTERACTIVE,32,109.990
99940251,APC,UPS 6000VA/6000W Easy UPS Rackeable (Rail kit) - On-Line,1,363.990
99910931,Zigor,UPS 850VA 500w Ebro 850,1,16.990
Ventiladores PC,,,,
99935485,Deepcool,Ventilador 120mm - Red RF120,1,6.545
Webcams,,,,
99940178,AverMedia,Webcam PW513 Ultra HD 4K,1,101.990
99938076,PCF OEM,Webcam VGA Modelo X21,3,2.990
99925587,Spektra,Webcam WSC-117 USB,5,1.990
